{"stats":{"minecraft:custom":{"minecraft:interact_with_furnace":56,"minecraft:mob_kills":15,"minecraft:interact_with_crafting_table":28,"minecraft:bell_ring":193,"minecraft:time_since_death":52877,"minecraft:sleep_in_bed":1,"minecraft:climb_one_cm":271,"minecraft:time_since_rest":22234,"minecraft:sprint_one_cm":208586,"minecraft:damage_taken":517,"minecraft:walk_one_cm":98760,"minecraft:damage_blocked_by_shield":189,"minecraft:drop":10,"minecraft:damage_dealt":1797,"minecraft:swim_one_cm":6527,"minecraft:fly_one_cm":232863,"minecraft:open_chest":3,"minecraft:crouch_one_cm":3468,"minecraft:play_time":52877,"minecraft:sneak_time":1462,"minecraft:walk_under_water_one_cm":677,"minecraft:jump":1224,"minecraft:walk_on_water_one_cm":6990,"minecraft:interact_with_smoker":3,"minecraft:total_world_time":52877,"minecraft:fall_one_cm":26609},"minecraft:used":{"minecraft:cooked_mutton":1,"minecraft:water_bucket":4,"minecraft:acacia_trapdoor":14,"minecraft:stone_pickaxe":27,"minecraft:oak_planks":20,"minecraft:wooden_pickaxe":3,"minecraft:shield":3,"minecraft:bell":1,"minecraft:cooked_chicken":3,"minecraft:rotten_flesh":1,"minecraft:iron_chestplate":1,"minecraft:orange_bed":3,"minecraft:dirt":5,"minecraft:sand":1,"minecraft:crafting_table":12,"minecraft:jungle_planks":1,"minecraft:white_bed":2,"minecraft:shears":1,"minecraft:wooden_hoe":35,"minecraft:lever":2,"minecraft:string":6,"minecraft:chicken":1,"minecraft:bread":12,"minecraft:iron_pickaxe":84,"minecraft:iron_helmet":1,"minecraft:iron_boots":1,"minecraft:tripwire_hook":4,"minecraft:stone_axe":136,"minecraft:wooden_sword":38,"minecraft:cobblestone":23,"minecraft:furnace":9,"minecraft:bucket":4,"minecraft:acacia_planks":50,"minecraft:cobbled_deepslate":5,"minecraft:pumpkin":1,"minecraft:iron_leggings":1},"minecraft:killed":{"minecraft:pig":1,"minecraft:spider":1,"minecraft:sheep":7,"minecraft:zombie":1,"minecraft:chicken":5},"minecraft:mined":{"minecraft:acacia_leaves":4,"minecraft:white_bed":1,"minecraft:cornflower":1,"minecraft:crafting_table":10,"minecraft:lever":1,"minecraft:short_grass":95,"minecraft:acacia_log":25,"minecraft:grass_block":7,"minecraft:jungle_log":6,"minecraft:lectern":1,"minecraft:tall_grass":6,"minecraft:deepslate_gold_ore":4,"minecraft:cartography_table":1,"minecraft:oak_planks":13,"minecraft:hay_block":30,"minecraft:furnace":7,"minecraft:acacia_trapdoor":12,"minecraft:iron_ore":32,"minecraft:cobbled_deepslate":3,"minecraft:andesite":1,"minecraft:pumpkin":1,"minecraft:azure_bluet":1,"minecraft:bookshelf":8,"minecraft:bell":1,"minecraft:dirt_path":3,"minecraft:coal_ore":16,"minecraft:oak_log":5,"minecraft:vine":5,"minecraft:deepslate_iron_ore":1,"minecraft:sand":1,"minecraft:dirt":3,"minecraft:tripwire_hook":2,"minecraft:acacia_planks":6,"minecraft:orange_bed":3,"minecraft:stone":45,"minecraft:tripwire":4,"minecraft:fern":11,"minecraft:deepslate":2},"minecraft:dropped":{"minecraft:wheat_seeds":2,"minecraft:oak_planks":6,"minecraft:egg":1,"minecraft:white_wool":4},"minecraft:picked_up":{"minecraft:crafting_table":10,"minecraft:feather":4,"minecraft:chicken":5,"minecraft:tripwire_hook":2,"minecraft:jungle_log":6,"minecraft:andesite":4,"minecraft:oak_log":5,"minecraft:dirt":13,"minecraft:string":8,"minecraft:acacia_planks":6,"minecraft:acacia_trapdoor":12,"minecraft:wheat_seeds":12,"minecraft:cartography_table":1,"minecraft:cobbled_deepslate":5,"minecraft:raw_gold":5,"minecraft:bell":1,"minecraft:iron_ingot":1,"minecraft:cooked_chicken":1,"minecraft:lectern":1,"minecraft:acacia_sapling":3,"minecraft:oak_planks":12,"minecraft:egg":1,"minecraft:furnace":7,"minecraft:book":24,"minecraft:raw_iron":33,"minecraft:pumpkin":1,"minecraft:porkchop":2,"minecraft:acacia_log":23,"minecraft:sand":1,"minecraft:white_bed":1,"minecraft:spider_eye":1,"minecraft:orange_bed":3,"minecraft:rotten_flesh":2,"minecraft:lever":1,"minecraft:hay_block":30,"minecraft:oak_sapling":2,"minecraft:mutton":9,"minecraft:coal":45,"minecraft:white_wool":7,"minecraft:cobblestone":47},"minecraft:crafted":{"minecraft:wooden_sword":1,"minecraft:oak_planks":20,"minecraft:tripwire_hook":2,"minecraft:crafting_table":2,"minecraft:wooden_pickaxe":1,"minecraft:cooked_chicken":2,"minecraft:iron_helmet":1,"minecraft:acacia_trapdoor":2,"minecraft:furnace":2,"minecraft:lever":1,"minecraft:bucket":1,"minecraft:stone_axe":1,"minecraft:cooked_mutton":9,"minecraft:air":0,"minecraft:jungle_planks":24,"minecraft:wooden_hoe":1,"minecraft:iron_boots":1,"minecraft:iron_chestplate":1,"minecraft:shield":1,"minecraft:stick":16,"minecraft:iron_ingot":33,"minecraft:iron_pickaxe":1,"minecraft:stone_pickaxe":1,"minecraft:gold_ingot":3,"minecraft:iron_leggings":1,"minecraft:white_bed":1,"minecraft:acacia_planks":56,"minecraft:shears":1}},"DataVersion":3955}