{"stats":{"minecraft:custom":{"minecraft:time_since_rest":16877,"minecraft:interact_with_furnace":40,"minecraft:sprint_one_cm":51324,"minecraft:damage_taken":275,"minecraft:walk_one_cm":29331,"minecraft:damage_blocked_by_shield":128,"minecraft:mob_kills":5,"minecraft:damage_dealt":678,"minecraft:interact_with_crafting_table":16,"minecraft:fly_one_cm":35855,"minecraft:crouch_one_cm":1353,"minecraft:play_time":16877,"minecraft:sneak_time":617,"minecraft:jump":249,"minecraft:time_since_death":16877,"minecraft:total_world_time":16877,"minecraft:fall_one_cm":5195},"minecraft:used":{"minecraft:bread":2,"minecraft:chicken":1,"minecraft:stone_pickaxe":26,"minecraft:iron_pickaxe":58,"minecraft:iron_helmet":1,"minecraft:shield":2,"minecraft:wooden_pickaxe":3,"minecraft:iron_boots":1,"minecraft:cooked_chicken":3,"minecraft:iron_chestplate":1,"minecraft:wooden_sword":38,"minecraft:dirt":1,"minecraft:crafting_table":6,"minecraft:furnace":4,"minecraft:pumpkin":1},"minecraft:killed":{"minecraft:chicken":4,"minecraft:spider":1},"minecraft:mined":{"minecraft:furnace":4,"minecraft:iron_ore":26,"minecraft:pumpkin":1,"minecraft:crafting_table":5,"minecraft:short_grass":33,"minecraft:grass_block":1,"minecraft:oak_log":5,"minecraft:coal_ore":15,"minecraft:deepslate_iron_ore":1,"minecraft:vine":5,"minecraft:jungle_log":6,"minecraft:dirt":2,"minecraft:stone":38,"minecraft:deepslate":1,"minecraft:fern":11},"minecraft:picked_up":{"minecraft:crafting_table":5,"minecraft:raw_iron":27,"minecraft:feather":3,"minecraft:chicken":4,"minecraft:andesite":3,"minecraft:pumpkin":1,"minecraft:jungle_log":6,"minecraft:oak_log":5,"minecraft:spider_eye":1,"minecraft:string":4,"minecraft:dirt":3,"minecraft:wheat_seeds":2,"minecraft:cobbled_deepslate":1,"minecraft:cooked_chicken":1,"minecraft:coal":27,"minecraft:cobblestone":40,"minecraft:furnace":4},"minecraft:crafted":{"minecraft:wooden_sword":1,"minecraft:oak_planks":20,"minecraft:iron_boots":1,"minecraft:iron_chestplate":1,"minecraft:shield":1,"minecraft:crafting_table":2,"minecraft:iron_helmet":1,"minecraft:cooked_chicken":2,"minecraft:stick":12,"minecraft:iron_ingot":26,"minecraft:wooden_pickaxe":1,"minecraft:iron_pickaxe":1,"minecraft:stone_pickaxe":1,"minecraft:furnace":2,"minecraft:air":0,"minecraft:jungle_planks":24}},"DataVersion":3955}