{"stats":{"minecraft:custom":{"minecraft:mob_kills":19,"minecraft:animals_bred":1,"minecraft:interact_with_crafting_table":37,"minecraft:bell_ring":709,"minecraft:time_since_death":76877,"minecraft:climb_one_cm":271,"minecraft:sprint_one_cm":321059,"minecraft:walk_one_cm":139132,"minecraft:damage_blocked_by_shield":219,"minecraft:drop":10,"minecraft:talked_to_villager":6,"minecraft:play_time":76877,"minecraft:sneak_time":2203,"minecraft:walk_under_water_one_cm":677,"minecraft:jump":1750,"minecraft:walk_on_water_one_cm":15511,"minecraft:total_world_time":76877,"minecraft:interact_with_furnace":61,"minecraft:traded_with_villager":4,"minecraft:sleep_in_bed":1,"minecraft:time_since_rest":46234,"minecraft:damage_taken":640,"minecraft:damage_dealt":4566,"minecraft:swim_one_cm":6527,"minecraft:fly_one_cm":330086,"minecraft:open_chest":11,"minecraft:crouch_one_cm":4482,"minecraft:interact_with_smoker":6,"minecraft:fall_one_cm":34187},"minecraft:broken":{"minecraft:wooden_sword":1,"minecraft:stone_axe":1},"minecraft:used":{"minecraft:shield":4,"minecraft:bell":1,"minecraft:cooked_chicken":3,"minecraft:rotten_flesh":1,"minecraft:iron_chestplate":1,"minecraft:orange_bed":3,"minecraft:dirt":14,"minecraft:jungle_planks":1,"minecraft:iron_axe":48,"minecraft:iron_helmet":1,"minecraft:iron_boots":1,"minecraft:tripwire_hook":6,"minecraft:furnace":9,"minecraft:cobbled_deepslate":5,"minecraft:acacia_planks":58,"minecraft:pumpkin":1,"minecraft:iron_leggings":1,"minecraft:cooked_mutton":1,"minecraft:water_bucket":11,"minecraft:stone_pickaxe":27,"minecraft:acacia_trapdoor":21,"minecraft:oak_planks":20,"minecraft:wooden_pickaxe":3,"minecraft:sand":1,"minecraft:crafting_table":12,"minecraft:white_bed":2,"minecraft:shears":2,"minecraft:lever":5,"minecraft:wooden_hoe":35,"minecraft:bread":17,"minecraft:chicken":1,"minecraft:string":8,"minecraft:iron_pickaxe":164,"minecraft:stone_axe":173,"minecraft:wooden_sword":61,"minecraft:cobblestone":32,"minecraft:cooked_porkchop":1,"minecraft:bucket":12},"minecraft:killed":{"minecraft:spider":1,"minecraft:skeleton":1,"minecraft:chicken":5,"minecraft:pig":2,"minecraft:iron_golem":2,"minecraft:sheep":7,"minecraft:zombie":1},"minecraft:mined":{"minecraft:white_bed":1,"minecraft:lever":4,"minecraft:acacia_log":51,"minecraft:grass_block":10,"minecraft:jungle_log":6,"minecraft:cartography_table":1,"minecraft:hay_block":30,"minecraft:furnace":7,"minecraft:acacia_trapdoor":17,"minecraft:iron_ore":47,"minecraft:cobbled_deepslate":3,"minecraft:acacia_stairs":1,"minecraft:andesite":1,"minecraft:pumpkin":1,"minecraft:azure_bluet":1,"minecraft:bell":1,"minecraft:bookshelf":8,"minecraft:deepslate_iron_ore":1,"minecraft:vine":5,"minecraft:dirt_path":3,"minecraft:stone":78,"minecraft:tripwire":5,"minecraft:orange_bed":3,"minecraft:acacia_leaves":5,"minecraft:crafting_table":10,"minecraft:cornflower":1,"minecraft:short_grass":116,"minecraft:lectern":1,"minecraft:tall_grass":15,"minecraft:cobblestone":9,"minecraft:deepslate_gold_ore":4,"minecraft:oak_planks":13,"minecraft:wheat":42,"minecraft:oak_log":5,"minecraft:coal_ore":36,"minecraft:sand":1,"minecraft:dirt":12,"minecraft:acacia_planks":7,"minecraft:tripwire_hook":4,"minecraft:deepslate":2,"minecraft:fern":11},"minecraft:dropped":{"minecraft:wheat_seeds":2,"minecraft:white_wool":4,"minecraft:oak_planks":6,"minecraft:egg":1},"minecraft:picked_up":{"minecraft:crafting_table":10,"minecraft:wheat":4,"minecraft:chicken":5,"minecraft:string":231,"minecraft:cartography_table":1,"minecraft:cobbled_deepslate":5,"minecraft:poppy":3,"minecraft:lectern":1,"minecraft:furnace":7,"minecraft:egg":1,"minecraft:stick":7,"minecraft:raw_iron":48,"minecraft:acacia_log":49,"minecraft:porkchop":5,"minecraft:orange_bed":3,"minecraft:rotten_flesh":2,"minecraft:pumpkin_pie":44,"minecraft:hay_block":30,"minecraft:mutton":9,"minecraft:cobblestone":86,"minecraft:white_wool":7,"minecraft:feather":4,"minecraft:tripwire_hook":4,"minecraft:andesite":4,"minecraft:jungle_log":6,"minecraft:oak_log":5,"minecraft:dirt":25,"minecraft:bone":2,"minecraft:acacia_planks":7,"minecraft:wheat_seeds":63,"minecraft:acacia_trapdoor":19,"minecraft:raw_gold":5,"minecraft:bell":1,"minecraft:iron_ingot":14,"minecraft:cooked_chicken":1,"minecraft:oak_planks":12,"minecraft:acacia_sapling":8,"minecraft:book":24,"minecraft:pumpkin":1,"minecraft:sand":1,"minecraft:white_bed":1,"minecraft:acacia_stairs":1,"minecraft:spider_eye":1,"minecraft:lever":4,"minecraft:oak_sapling":2,"minecraft:brown_banner":1,"minecraft:coal":65},"minecraft:crafted":{"minecraft:wooden_sword":1,"minecraft:oak_planks":20,"minecraft:tripwire_hook":2,"minecraft:cooked_chicken":2,"minecraft:furnace":2,"minecraft:lever":1,"minecraft:cooked_mutton":9,"minecraft:iron_boots":1,"minecraft:iron_axe":1,"minecraft:stone_pickaxe":1,"minecraft:chest":4,"minecraft:wheat":270,"minecraft:cooked_beef":2,"minecraft:emerald":4,"minecraft:cooked_porkchop":3,"minecraft:crafting_table":2,"minecraft:iron_helmet":1,"minecraft:wooden_pickaxe":1,"minecraft:acacia_trapdoor":2,"minecraft:bucket":1,"minecraft:stone_axe":1,"minecraft:bread":84,"minecraft:acacia_boat":1,"minecraft:air":0,"minecraft:jungle_planks":24,"minecraft:iron_chestplate":1,"minecraft:wooden_hoe":1,"minecraft:shield":1,"minecraft:stick":144,"minecraft:iron_ingot":34,"minecraft:iron_pickaxe":1,"minecraft:iron_leggings":1,"minecraft:gold_ingot":4,"minecraft:white_bed":1,"minecraft:acacia_planks":196,"minecraft:shears":1}},"DataVersion":3955}