{"stats":{"minecraft:custom":{"minecraft:interact_with_furnace":58,"minecraft:mob_kills":15,"minecraft:animals_bred":1,"minecraft:interact_with_crafting_table":32,"minecraft:bell_ring":677,"minecraft:time_since_death":64877,"minecraft:sleep_in_bed":1,"minecraft:climb_one_cm":271,"minecraft:time_since_rest":34234,"minecraft:sprint_one_cm":255834,"minecraft:damage_taken":547,"minecraft:walk_one_cm":118593,"minecraft:damage_blocked_by_shield":189,"minecraft:drop":10,"minecraft:damage_dealt":1797,"minecraft:talked_to_villager":1,"minecraft:swim_one_cm":6527,"minecraft:fly_one_cm":267274,"minecraft:open_chest":7,"minecraft:crouch_one_cm":3948,"minecraft:play_time":64877,"minecraft:sneak_time":1693,"minecraft:walk_under_water_one_cm":677,"minecraft:jump":1408,"minecraft:walk_on_water_one_cm":14979,"minecraft:interact_with_smoker":5,"minecraft:total_world_time":64877,"minecraft:fall_one_cm":29438},"minecraft:broken":{"minecraft:stone_axe":1},"minecraft:used":{"minecraft:cooked_mutton":1,"minecraft:water_bucket":10,"minecraft:acacia_trapdoor":18,"minecraft:stone_pickaxe":27,"minecraft:oak_planks":20,"minecraft:wooden_pickaxe":3,"minecraft:shield":3,"minecraft:bell":1,"minecraft:cooked_chicken":3,"minecraft:rotten_flesh":1,"minecraft:iron_chestplate":1,"minecraft:orange_bed":3,"minecraft:dirt":14,"minecraft:sand":1,"minecraft:crafting_table":12,"minecraft:jungle_planks":1,"minecraft:white_bed":2,"minecraft:shears":2,"minecraft:wooden_hoe":35,"minecraft:lever":5,"minecraft:string":8,"minecraft:chicken":1,"minecraft:bread":12,"minecraft:iron_pickaxe":113,"minecraft:iron_helmet":1,"minecraft:iron_boots":1,"minecraft:tripwire_hook":6,"minecraft:stone_axe":173,"minecraft:wooden_sword":38,"minecraft:cobblestone":23,"minecraft:cooked_porkchop":1,"minecraft:furnace":9,"minecraft:bucket":11,"minecraft:acacia_planks":58,"minecraft:cobbled_deepslate":5,"minecraft:pumpkin":1,"minecraft:iron_leggings":1},"minecraft:killed":{"minecraft:pig":1,"minecraft:spider":1,"minecraft:sheep":7,"minecraft:zombie":1,"minecraft:chicken":5},"minecraft:mined":{"minecraft:acacia_leaves":5,"minecraft:white_bed":1,"minecraft:cornflower":1,"minecraft:crafting_table":10,"minecraft:lever":4,"minecraft:short_grass":113,"minecraft:acacia_log":34,"minecraft:grass_block":10,"minecraft:jungle_log":6,"minecraft:lectern":1,"minecraft:tall_grass":11,"minecraft:deepslate_gold_ore":4,"minecraft:cartography_table":1,"minecraft:oak_planks":13,"minecraft:hay_block":30,"minecraft:wheat":42,"minecraft:furnace":7,"minecraft:acacia_trapdoor":16,"minecraft:iron_ore":32,"minecraft:cobbled_deepslate":3,"minecraft:acacia_stairs":1,"minecraft:andesite":1,"minecraft:pumpkin":1,"minecraft:azure_bluet":1,"minecraft:bookshelf":8,"minecraft:bell":1,"minecraft:dirt_path":3,"minecraft:coal_ore":16,"minecraft:oak_log":5,"minecraft:vine":5,"minecraft:deepslate_iron_ore":1,"minecraft:sand":1,"minecraft:dirt":12,"minecraft:tripwire_hook":4,"minecraft:acacia_planks":7,"minecraft:orange_bed":3,"minecraft:stone":71,"minecraft:tripwire":5,"minecraft:fern":11,"minecraft:deepslate":2},"minecraft:dropped":{"minecraft:wheat_seeds":2,"minecraft:oak_planks":6,"minecraft:egg":1,"minecraft:white_wool":4},"minecraft:picked_up":{"minecraft:wheat":4,"minecraft:crafting_table":10,"minecraft:feather":4,"minecraft:chicken":5,"minecraft:tripwire_hook":4,"minecraft:jungle_log":6,"minecraft:andesite":4,"minecraft:oak_log":5,"minecraft:dirt":25,"minecraft:string":153,"minecraft:acacia_planks":7,"minecraft:acacia_trapdoor":16,"minecraft:wheat_seeds":61,"minecraft:cartography_table":1,"minecraft:cobbled_deepslate":5,"minecraft:raw_gold":5,"minecraft:bell":1,"minecraft:iron_ingot":1,"minecraft:cooked_chicken":1,"minecraft:lectern":1,"minecraft:acacia_sapling":6,"minecraft:oak_planks":12,"minecraft:egg":1,"minecraft:furnace":7,"minecraft:book":24,"minecraft:stick":2,"minecraft:raw_iron":33,"minecraft:pumpkin":1,"minecraft:porkchop":2,"minecraft:acacia_log":32,"minecraft:sand":1,"minecraft:white_bed":1,"minecraft:acacia_stairs":1,"minecraft:spider_eye":1,"minecraft:orange_bed":3,"minecraft:rotten_flesh":2,"minecraft:lever":4,"minecraft:hay_block":30,"minecraft:brown_banner":1,"minecraft:oak_sapling":2,"minecraft:mutton":9,"minecraft:coal":45,"minecraft:white_wool":7,"minecraft:cobblestone":71},"minecraft:crafted":{"minecraft:cooked_beef":2,"minecraft:wooden_sword":1,"minecraft:oak_planks":20,"minecraft:tripwire_hook":2,"minecraft:cooked_porkchop":3,"minecraft:crafting_table":2,"minecraft:wooden_pickaxe":1,"minecraft:cooked_chicken":2,"minecraft:iron_helmet":1,"minecraft:acacia_trapdoor":2,"minecraft:furnace":2,"minecraft:lever":1,"minecraft:bucket":1,"minecraft:stone_axe":1,"minecraft:acacia_boat":1,"minecraft:bread":84,"minecraft:cooked_mutton":9,"minecraft:air":0,"minecraft:jungle_planks":24,"minecraft:wooden_hoe":1,"minecraft:iron_boots":1,"minecraft:iron_chestplate":1,"minecraft:shield":1,"minecraft:stick":16,"minecraft:iron_ingot":33,"minecraft:iron_pickaxe":1,"minecraft:stone_pickaxe":1,"minecraft:gold_ingot":3,"minecraft:iron_leggings":1,"minecraft:white_bed":1,"minecraft:acacia_planks":92,"minecraft:wheat":270,"minecraft:shears":1}},"DataVersion":3955}