{"stats":{"minecraft:custom":{"minecraft:mob_kills":34,"minecraft:animals_bred":1,"minecraft:inspect_hopper":3,"minecraft:interact_with_crafting_table":58,"minecraft:bell_ring":709,"minecraft:time_since_death":148877,"minecraft:climb_one_cm":271,"minecraft:sprint_one_cm":469315,"minecraft:walk_one_cm":244838,"minecraft:damage_blocked_by_shield":219,"minecraft:drop":82,"minecraft:talked_to_villager":20,"minecraft:play_time":148877,"minecraft:sneak_time":9967,"minecraft:walk_under_water_one_cm":881,"minecraft:jump":2833,"minecraft:interact_with_blast_furnace":8,"minecraft:walk_on_water_one_cm":28409,"minecraft:total_world_time":148877,"minecraft:interact_with_furnace":77,"minecraft:traded_with_villager":5,"minecraft:sleep_in_bed":2,"minecraft:time_since_rest":21687,"minecraft:damage_taken":1195,"minecraft:damage_dealt":18708,"minecraft:swim_one_cm":6527,"minecraft:fly_one_cm":499944,"minecraft:open_chest":62,"minecraft:crouch_one_cm":11343,"minecraft:interact_with_smoker":6,"minecraft:fall_one_cm":51009},"minecraft:broken":{"minecraft:wooden_sword":1,"minecraft:stone_axe":3},"minecraft:used":{"minecraft:chest":24,"minecraft:shield":4,"minecraft:bell":1,"minecraft:cooked_chicken":3,"minecraft:rotten_flesh":1,"minecraft:iron_chestplate":1,"minecraft:orange_bed":3,"minecraft:torch":8,"minecraft:dirt":93,"minecraft:hopper":26,"minecraft:jungle_planks":1,"minecraft:glass":4,"minecraft:iron_axe":172,"minecraft:acacia_slab":4,"minecraft:iron_helmet":1,"minecraft:iron_boots":1,"minecraft:tripwire_hook":6,"minecraft:furnace":9,"minecraft:cobbled_deepslate":5,"minecraft:acacia_planks":61,"minecraft:pumpkin":1,"minecraft:iron_leggings":1,"minecraft:cooked_mutton":1,"minecraft:water_bucket":13,"minecraft:stone_pickaxe":27,"minecraft:acacia_trapdoor":21,"minecraft:oak_planks":20,"minecraft:wooden_pickaxe":3,"minecraft:sand":1,"minecraft:crafting_table":12,"minecraft:white_bed":2,"minecraft:shears":3,"minecraft:lever":5,"minecraft:wooden_hoe":35,"minecraft:diamond_shovel":19,"minecraft:bread":34,"minecraft:chicken":1,"minecraft:string":8,"minecraft:iron_pickaxe":514,"minecraft:gravel":14,"minecraft:stone_axe":359,"minecraft:wooden_sword":61,"minecraft:cobblestone":89,"minecraft:cooked_porkchop":1,"minecraft:andesite":13,"minecraft:bucket":13},"minecraft:killed":{"minecraft:spider":1,"minecraft:skeleton":1,"minecraft:chicken":5,"minecraft:pig":2,"minecraft:iron_golem":16,"minecraft:sheep":7,"minecraft:zombie":2},"minecraft:mined":{"minecraft:white_bed":1,"minecraft:deepslate_diamond_ore":6,"minecraft:lever":4,"minecraft:acacia_log":125,"minecraft:grass_block":72,"minecraft:jungle_log":6,"minecraft:acacia_slab":6,"minecraft:hopper":14,"minecraft:cartography_table":1,"minecraft:hay_block":30,"minecraft:furnace":7,"minecraft:acacia_trapdoor":19,"minecraft:iron_ore":98,"minecraft:cobbled_deepslate":3,"minecraft:acacia_stairs":2,"minecraft:andesite":12,"minecraft:pumpkin":1,"minecraft:azure_bluet":1,"minecraft:bell":1,"minecraft:bookshelf":8,"minecraft:deepslate_iron_ore":15,"minecraft:vine":5,"minecraft:dirt_path":4,"minecraft:stone":176,"minecraft:tripwire":5,"minecraft:orange_bed":3,"minecraft:acacia_leaves":8,"minecraft:crafting_table":10,"minecraft:cornflower":1,"minecraft:short_grass":132,"minecraft:melon":9,"minecraft:chest":14,"minecraft:lectern":1,"minecraft:tall_grass":15,"minecraft:cobblestone":30,"minecraft:deepslate_gold_ore":4,"minecraft:oak_planks":13,"minecraft:diorite":9,"minecraft:wheat":42,"minecraft:oak_log":18,"minecraft:coal_ore":36,"minecraft:gravel":19,"minecraft:sand":13,"minecraft:dirt":86,"minecraft:acacia_planks":16,"minecraft:tripwire_hook":4,"minecraft:oak_leaves":4,"minecraft:deepslate":58,"minecraft:fern":11},"minecraft:dropped":{"minecraft:iron_ingot":3,"minecraft:bread":23,"minecraft:porkchop":3,"minecraft:wheat_seeds":10,"minecraft:cookie":144,"minecraft:cobblestone":1,"minecraft:acacia_log":28,"minecraft:stick":4,"minecraft:emerald":4,"minecraft:dirt":29,"minecraft:diorite":9,"minecraft:melon_slice":16,"minecraft:map":2,"minecraft:pumpkin_pie":44,"minecraft:string":404,"minecraft:white_wool":4,"minecraft:acacia_planks":1,"minecraft:white_carpet":3,"minecraft:oak_planks":6,"minecraft:suspicious_stew":8,"minecraft:filled_map":1,"minecraft:poppy":13,"minecraft:andesite":1,"minecraft:acacia_slab":3,"minecraft:acacia_sapling":2,"minecraft:stone_pickaxe":1,"minecraft:cartography_table":1,"minecraft:egg":1},"minecraft:picked_up":{"minecraft:crafting_table":10,"minecraft:wheat":4,"minecraft:chicken":5,"minecraft:suspicious_stew":8,"minecraft:string":5167,"minecraft:white_carpet":3,"minecraft:cartography_table":1,"minecraft:cobbled_deepslate":61,"minecraft:iron_pickaxe":2,"minecraft:poppy":17,"minecraft:lectern":1,"minecraft:melon_slice":16,"minecraft:chest":15,"minecraft:furnace":7,"minecraft:egg":1,"minecraft:stick":8,"minecraft:raw_iron":113,"minecraft:torch":8,"minecraft:acacia_log":120,"minecraft:porkchop":5,"minecraft:cookie":144,"minecraft:diorite":18,"minecraft:orange_bed":3,"minecraft:rotten_flesh":2,"minecraft:pumpkin_pie":44,"minecraft:hay_block":30,"minecraft:mutton":9,"minecraft:cobblestone":204,"minecraft:white_wool":7,"minecraft:feather":4,"minecraft:golden_carrot":64,"minecraft:tripwire_hook":4,"minecraft:andesite":18,"minecraft:jungle_log":6,"minecraft:filled_map":1,"minecraft:flint":1,"minecraft:oak_log":10,"minecraft:map":1,"minecraft:dirt":177,"minecraft:bone":2,"minecraft:acacia_planks":17,"minecraft:wheat_seeds":70,"minecraft:acacia_trapdoor":19,"minecraft:raw_gold":5,"minecraft:bell":1,"minecraft:iron_ingot":68,"minecraft:cooked_chicken":1,"minecraft:oak_planks":12,"minecraft:acacia_sapling":8,"minecraft:book":24,"minecraft:pumpkin":1,"minecraft:gravel":18,"minecraft:sand":13,"minecraft:white_bed":1,"minecraft:acacia_stairs":1,"minecraft:spider_eye":1,"minecraft:diamond_shovel":1,"minecraft:diamond":6,"minecraft:lever":4,"minecraft:emerald":1,"minecraft:acacia_slab":9,"minecraft:oak_sapling":2,"minecraft:brown_banner":1,"minecraft:coal":65,"minecraft:hopper":14},"minecraft:crafted":{"minecraft:wooden_sword":1,"minecraft:oak_planks":40,"minecraft:tripwire_hook":2,"minecraft:cooked_chicken":2,"minecraft:furnace":2,"minecraft:lever":1,"minecraft:cooked_mutton":9,"minecraft:glass":12,"minecraft:hopper":14,"minecraft:iron_boots":1,"minecraft:iron_axe":1,"minecraft:stone_pickaxe":1,"minecraft:chest":32,"minecraft:wheat":270,"minecraft:cooked_beef":2,"minecraft:emerald":4,"minecraft:cooked_porkchop":3,"minecraft:crafting_table":2,"minecraft:iron_helmet":1,"minecraft:wooden_pickaxe":1,"minecraft:acacia_trapdoor":2,"minecraft:bucket":1,"minecraft:stone_axe":3,"minecraft:bread":84,"minecraft:acacia_boat":1,"minecraft:air":0,"minecraft:jungle_planks":24,"minecraft:iron_chestplate":1,"minecraft:wooden_hoe":1,"minecraft:shield":1,"minecraft:stick":160,"minecraft:iron_ingot":108,"minecraft:iron_pickaxe":2,"minecraft:iron_block":5,"minecraft:iron_leggings":1,"minecraft:gold_ingot":4,"minecraft:anvil":1,"minecraft:white_bed":1,"minecraft:acacia_planks":368,"minecraft:shears":1}},"DataVersion":3955}