{"stats":{"minecraft:custom":{"minecraft:mob_kills":39,"minecraft:animals_bred":2,"minecraft:inspect_hopper":4,"minecraft:interact_with_crafting_table":67,"minecraft:bell_ring":709,"minecraft:leave_game":1,"minecraft:time_since_death":193045,"minecraft:climb_one_cm":271,"minecraft:sprint_one_cm":585353,"minecraft:walk_one_cm":310202,"minecraft:damage_blocked_by_shield":219,"minecraft:drop":96,"minecraft:talked_to_villager":24,"minecraft:play_time":193045,"minecraft:sneak_time":12000,"minecraft:walk_under_water_one_cm":881,"minecraft:jump":3680,"minecraft:interact_with_blast_furnace":8,"minecraft:walk_on_water_one_cm":30251,"minecraft:total_world_time":193045,"minecraft:interact_with_furnace":78,"minecraft:traded_with_villager":5,"minecraft:sleep_in_bed":2,"minecraft:time_since_rest":65855,"minecraft:damage_taken":1323,"minecraft:damage_dealt":23675,"minecraft:swim_one_cm":6527,"minecraft:fly_one_cm":683616,"minecraft:open_chest":104,"minecraft:crouch_one_cm":12900,"minecraft:interact_with_smoker":6,"minecraft:fall_one_cm":65420},"minecraft:broken":{"minecraft:iron_axe":1,"minecraft:wooden_sword":1,"minecraft:stone_axe":3,"minecraft:wooden_hoe":1},"minecraft:used":{"minecraft:flint_and_steel":4,"minecraft:chest":32,"minecraft:shield":4,"minecraft:bell":1,"minecraft:cooked_chicken":3,"minecraft:rotten_flesh":1,"minecraft:stone_hoe":90,"minecraft:iron_chestplate":1,"minecraft:orange_bed":3,"minecraft:torch":27,"minecraft:dirt":158,"minecraft:hopper":33,"minecraft:jungle_planks":1,"minecraft:diamond_helmet":1,"minecraft:glass":4,"minecraft:iron_axe":273,"minecraft:acacia_slab":6,"minecraft:iron_helmet":1,"minecraft:iron_boots":1,"minecraft:tripwire_hook":6,"minecraft:golden_carrot":1,"minecraft:furnace":9,"minecraft:cobbled_deepslate":5,"minecraft:acacia_planks":61,"minecraft:pumpkin":1,"minecraft:iron_leggings":1,"minecraft:wheat_seeds":17,"minecraft:cooked_mutton":1,"minecraft:water_bucket":18,"minecraft:diamond_boots":1,"minecraft:acacia_trapdoor":32,"minecraft:stone_pickaxe":27,"minecraft:oak_planks":20,"minecraft:wooden_pickaxe":3,"minecraft:sugar_cane":3,"minecraft:sand":1,"minecraft:crafting_table":13,"minecraft:white_bed":9,"minecraft:shears":3,"minecraft:wooden_hoe":88,"minecraft:lever":5,"minecraft:diamond_shovel":139,"minecraft:chicken":1,"minecraft:bread":41,"minecraft:iron_pickaxe":556,"minecraft:string":8,"minecraft:gravel":14,"minecraft:stone_axe":359,"minecraft:wooden_sword":61,"minecraft:cobblestone":89,"minecraft:cooked_porkchop":1,"minecraft:andesite":13,"minecraft:bucket":19,"minecraft:diamond_leggings":1},"minecraft:killed":{"minecraft:spider":1,"minecraft:skeleton":1,"minecraft:chicken":5,"minecraft:pig":2,"minecraft:iron_golem":21,"minecraft:sheep":7,"minecraft:zombie":2},"minecraft:mined":{"minecraft:white_bed":5,"minecraft:deepslate_diamond_ore":6,"minecraft:lever":4,"minecraft:acacia_log":145,"minecraft:grass_block":96,"minecraft:jungle_log":6,"minecraft:acacia_slab":6,"minecraft:hopper":15,"minecraft:cartography_table":1,"minecraft:hay_block":32,"minecraft:furnace":7,"minecraft:acacia_trapdoor":27,"minecraft:iron_ore":98,"minecraft:cobbled_deepslate":3,"minecraft:fire":4,"minecraft:acacia_stairs":2,"minecraft:andesite":12,"minecraft:pumpkin":1,"minecraft:azure_bluet":1,"minecraft:bell":1,"minecraft:bookshelf":8,"minecraft:dirt_path":4,"minecraft:vine":5,"minecraft:deepslate_iron_ore":15,"minecraft:stone":185,"minecraft:orange_bed":3,"minecraft:tripwire":5,"minecraft:acacia_leaves":9,"minecraft:melon_stem":1,"minecraft:cornflower":1,"minecraft:crafting_table":11,"minecraft:torch":9,"minecraft:short_grass":252,"minecraft:melon":9,"minecraft:chest":17,"minecraft:lectern":1,"minecraft:tall_grass":24,"minecraft:cobblestone":30,"minecraft:deepslate_gold_ore":4,"minecraft:oak_planks":13,"minecraft:sugar_cane":5,"minecraft:diorite":38,"minecraft:wall_torch":4,"minecraft:wheat":42,"minecraft:oak_log":18,"minecraft:coal_ore":36,"minecraft:gravel":19,"minecraft:sand":13,"minecraft:dirt":166,"minecraft:tripwire_hook":4,"minecraft:acacia_planks":16,"minecraft:oak_leaves":4,"minecraft:deepslate":58,"minecraft:fern":11},"minecraft:dropped":{"minecraft:iron_ingot":3,"minecraft:bread":23,"minecraft:porkchop":3,"minecraft:wheat_seeds":10,"minecraft:cookie":144,"minecraft:iron_helmet":1,"minecraft:cobblestone":1,"minecraft:acacia_log":28,"minecraft:stick":4,"minecraft:emerald":4,"minecraft:dirt":29,"minecraft:diorite":20,"minecraft:melon_slice":16,"minecraft:map":2,"minecraft:pumpkin_pie":44,"minecraft:iron_pickaxe":1,"minecraft:string":798,"minecraft:white_wool":4,"minecraft:acacia_planks":1,"minecraft:gravel":4,"minecraft:white_carpet":3,"minecraft:oak_planks":6,"minecraft:suspicious_stew":8,"minecraft:flint_and_steel":1,"minecraft:filled_map":1,"minecraft:poppy":25,"minecraft:iron_chestplate":1,"minecraft:andesite":1,"minecraft:acacia_slab":3,"minecraft:acacia_sapling":2,"minecraft:stone_pickaxe":1,"minecraft:cartography_table":1,"minecraft:egg":1},"minecraft:picked_up":{"minecraft:crafting_table":11,"minecraft:wheat":5,"minecraft:chicken":5,"minecraft:suspicious_stew":8,"minecraft:string":5244,"minecraft:iron_axe":1,"minecraft:flint_and_steel":1,"minecraft:white_carpet":3,"minecraft:diamond_leggings":1,"minecraft:cartography_table":1,"minecraft:cobbled_deepslate":61,"minecraft:poppy":25,"minecraft:iron_pickaxe":2,"minecraft:lectern":1,"minecraft:melon_slice":16,"minecraft:sugar_cane":7,"minecraft:chest":18,"minecraft:furnace":7,"minecraft:egg":1,"minecraft:stick":8,"minecraft:raw_iron":113,"minecraft:torch":21,"minecraft:acacia_log":140,"minecraft:porkchop":5,"minecraft:cookie":144,"minecraft:diorite":58,"minecraft:orange_bed":3,"minecraft:rotten_flesh":2,"minecraft:diamond_chestplate":1,"minecraft:pumpkin_pie":44,"minecraft:diamond_boots":1,"minecraft:hay_block":32,"minecraft:mutton":9,"minecraft:white_wool":7,"minecraft:cobblestone":213,"minecraft:feather":4,"minecraft:golden_carrot":64,"minecraft:tripwire_hook":4,"minecraft:andesite":18,"minecraft:jungle_log":6,"minecraft:filled_map":1,"minecraft:flint":1,"minecraft:oak_log":10,"minecraft:map":1,"minecraft:dirt":282,"minecraft:bone":2,"minecraft:acacia_planks":17,"minecraft:wheat_seeds":87,"minecraft:acacia_trapdoor":27,"minecraft:raw_gold":5,"minecraft:bell":1,"minecraft:iron_ingot":86,"minecraft:cooked_chicken":1,"minecraft:diamond_helmet":1,"minecraft:acacia_sapling":8,"minecraft:oak_planks":12,"minecraft:book":24,"minecraft:pumpkin":1,"minecraft:gravel":18,"minecraft:sand":13,"minecraft:white_bed":5,"minecraft:acacia_stairs":1,"minecraft:spider_eye":1,"minecraft:diamond_shovel":1,"minecraft:diamond":6,"minecraft:lever":4,"minecraft:emerald":2,"minecraft:brown_banner":1,"minecraft:oak_sapling":2,"minecraft:acacia_slab":9,"minecraft:melon_seeds":4,"minecraft:coal":65,"minecraft:hopper":15},"minecraft:crafted":{"minecraft:wooden_sword":1,"minecraft:oak_planks":40,"minecraft:tripwire_hook":2,"minecraft:cooked_chicken":2,"minecraft:furnace":2,"minecraft:lever":1,"minecraft:cooked_mutton":9,"minecraft:glass":12,"minecraft:hopper":18,"minecraft:iron_boots":1,"minecraft:iron_axe":2,"minecraft:stone_pickaxe":1,"minecraft:chest":32,"minecraft:acacia_fence":3,"minecraft:stone_hoe":1,"minecraft:wheat":270,"minecraft:cooked_beef":2,"minecraft:emerald":4,"minecraft:cooked_porkchop":3,"minecraft:crafting_table":3,"minecraft:wooden_pickaxe":1,"minecraft:iron_helmet":1,"minecraft:acacia_trapdoor":6,"minecraft:bucket":1,"minecraft:stone_axe":3,"minecraft:bread":84,"minecraft:acacia_boat":1,"minecraft:air":0,"minecraft:jungle_planks":24,"minecraft:iron_chestplate":1,"minecraft:wooden_hoe":1,"minecraft:acacia_sign":3,"minecraft:shield":1,"minecraft:stick":160,"minecraft:iron_ingot":108,"minecraft:iron_pickaxe":2,"minecraft:iron_block":5,"minecraft:iron_leggings":1,"minecraft:gold_ingot":4,"minecraft:anvil":1,"minecraft:white_bed":1,"minecraft:acacia_planks":396,"minecraft:torch":12,"minecraft:shears":1}},"DataVersion":3955}