{"stats":{"minecraft:killed":{"minecraft:armadillo":1,"minecraft:spider":4,"minecraft:skeleton":1,"minecraft:chicken":5,"minecraft:pig":2,"minecraft:zombie_villager":1,"minecraft:iron_golem":23,"minecraft:sheep":7,"minecraft:zombie":5},"minecraft:used":{"minecraft:flint_and_steel":4,"minecraft:oak_sign":3,"minecraft:chest":39,"minecraft:shield":10,"minecraft:bell":1,"minecraft:cooked_chicken":3,"minecraft:stone_hoe":102,"minecraft:rotten_flesh":1,"minecraft:iron_chestplate":1,"minecraft:orange_bed":3,"minecraft:torch":36,"minecraft:dirt":245,"minecraft:hopper":35,"minecraft:jungle_planks":1,"minecraft:diamond_helmet":1,"minecraft:glass":4,"minecraft:lava_bucket":1,"minecraft:iron_axe":388,"minecraft:acacia_slab":6,"minecraft:iron_helmet":1,"minecraft:iron_boots":1,"minecraft:tripwire_hook":6,"minecraft:golden_carrot":7,"minecraft:furnace":9,"minecraft:acacia_planks":61,"minecraft:cobbled_deepslate":5,"minecraft:pumpkin":1,"minecraft:iron_leggings":1,"minecraft:wheat_seeds":17,"minecraft:cooked_mutton":1,"minecraft:acacia_boat":9,"minecraft:water_bucket":25,"minecraft:diamond_boots":1,"minecraft:acacia_trapdoor":35,"minecraft:stone_pickaxe":27,"minecraft:oak_planks":20,"minecraft:wooden_pickaxe":3,"minecraft:sugar_cane":10,"minecraft:sand":1,"minecraft:oak_slab":2,"minecraft:crafting_table":15,"minecraft:white_bed":67,"minecraft:shears":3,"minecraft:lever":5,"minecraft:wooden_hoe":88,"minecraft:diamond_shovel":307,"minecraft:acacia_sign":4,"minecraft:bread":41,"minecraft:chicken":1,"minecraft:string":8,"minecraft:iron_pickaxe":562,"minecraft:gravel":14,"minecraft:acacia_fence_gate":1,"minecraft:stone_axe":359,"minecraft:diamond_sword":43,"minecraft:wooden_sword":61,"minecraft:cobblestone":89,"minecraft:cooked_porkchop":1,"minecraft:bucket":26,"minecraft:andesite":13,"minecraft:oak_boat":7,"minecraft:diamond_leggings":1},"minecraft:crafted":{"minecraft:wooden_sword":1,"minecraft:oak_planks":64,"minecraft:oak_sign":3,"minecraft:tripwire_hook":2,"minecraft:cooked_chicken":2,"minecraft:furnace":2,"minecraft:acacia_fence_gate":1,"minecraft:lever":1,"minecraft:diamond_shovel":2,"minecraft:cooked_mutton":9,"minecraft:glass":12,"minecraft:hopper":19,"minecraft:iron_boots":1,"minecraft:iron_axe":2,"minecraft:stone_pickaxe":1,"minecraft:chest":33,"minecraft:acacia_fence":3,"minecraft:stone_hoe":2,"minecraft:wheat":288,"minecraft:cooked_beef":2,"minecraft:oak_slab":6,"minecraft:diamond_sword":1,"minecraft:emerald":52,"minecraft:cooked_porkchop":3,"minecraft:crafting_table":3,"minecraft:wooden_pickaxe":1,"minecraft:iron_helmet":1,"minecraft:acacia_trapdoor":6,"minecraft:bucket":2,"minecraft:stone_axe":3,"minecraft:bread":84,"minecraft:acacia_boat":2,"minecraft:air":0,"minecraft:jungle_planks":24,"minecraft:oak_boat":2,"minecraft:iron_chestplate":1,"minecraft:wooden_hoe":1,"minecraft:acacia_sign":3,"minecraft:shield":1,"minecraft:stick":164,"minecraft:iron_ingot":108,"minecraft:iron_pickaxe":2,"minecraft:iron_block":5,"minecraft:gold_ingot":4,"minecraft:iron_leggings":1,"minecraft:anvil":1,"minecraft:white_bed":1,"minecraft:acacia_planks":412,"minecraft:torch":12,"minecraft:shears":1},"minecraft:custom":{"minecraft:mob_kills":49,"minecraft:animals_bred":2,"minecraft:inspect_hopper":4,"minecraft:interact_with_crafting_table":79,"minecraft:bell_ring":709,"minecraft:leave_game":4,"minecraft:time_since_death":239708,"minecraft:climb_one_cm":271,"minecraft:sprint_one_cm":722914,"minecraft:walk_one_cm":411207,"minecraft:damage_blocked_by_shield":344,"minecraft:drop":100,"minecraft:talked_to_villager":60,"minecraft:play_time":239708,"minecraft:sneak_time":12805,"minecraft:walk_under_water_one_cm":2432,"minecraft:boat_one_cm":83775,"minecraft:jump":4444,"minecraft:interact_with_blast_furnace":8,"minecraft:walk_on_water_one_cm":40718,"minecraft:total_world_time":239708,"minecraft:interact_with_furnace":78,"minecraft:traded_with_villager":55,"minecraft:sleep_in_bed":5,"minecraft:time_since_rest":16007,"minecraft:damage_taken":1568,"minecraft:damage_dealt":26567,"minecraft:swim_one_cm":6908,"minecraft:fly_one_cm":850889,"minecraft:open_chest":129,"minecraft:crouch_one_cm":14238,"minecraft:interact_with_smoker":6,"minecraft:fall_one_cm":76490},"minecraft:picked_up":{"minecraft:crafting_table":12,"minecraft:wheat":5,"minecraft:chicken":5,"minecraft:suspicious_stew":8,"minecraft:string":5245,"minecraft:iron_axe":1,"minecraft:flint_and_steel":1,"minecraft:white_carpet":3,"minecraft:oak_sign":2,"minecraft:diamond_leggings":1,"minecraft:cartography_table":1,"minecraft:cobbled_deepslate":61,"minecraft:acacia_sign":1,"minecraft:oak_boat":6,"minecraft:poppy":28,"minecraft:iron_pickaxe":2,"minecraft:lectern":1,"minecraft:melon_slice":16,"minecraft:sugar_cane":10,"minecraft:chest":26,"minecraft:egg":1,"minecraft:furnace":7,"minecraft:stick":8,"minecraft:raw_iron":113,"minecraft:torch":32,"minecraft:acacia_log":140,"minecraft:porkchop":5,"minecraft:cookie":144,"minecraft:diorite":58,"minecraft:orange_bed":3,"minecraft:diamond_chestplate":1,"minecraft:rotten_flesh":6,"minecraft:pumpkin_pie":44,"minecraft:diamond_boots":1,"minecraft:hay_block":32,"minecraft:mutton":9,"minecraft:white_wool":7,"minecraft:cobblestone":215,"minecraft:feather":4,"minecraft:golden_carrot":64,"minecraft:tripwire_hook":4,"minecraft:jungle_log":6,"minecraft:andesite":18,"minecraft:filled_map":1,"minecraft:flint":1,"minecraft:oak_log":16,"minecraft:acacia_boat":8,"minecraft:map":1,"minecraft:dirt":442,"minecraft:bone":2,"minecraft:acacia_planks":17,"minecraft:wheat_seeds":100,"minecraft:acacia_trapdoor":30,"minecraft:raw_gold":5,"minecraft:bell":1,"minecraft:iron_ingot":93,"minecraft:cooked_chicken":1,"minecraft:diamond_helmet":1,"minecraft:acacia_sapling":8,"minecraft:oak_planks":12,"minecraft:book":24,"minecraft:oak_slab":1,"minecraft:pumpkin":1,"minecraft:gravel":18,"minecraft:sand":13,"minecraft:white_bed":63,"minecraft:acacia_stairs":1,"minecraft:spider_eye":2,"minecraft:diamond_shovel":1,"minecraft:diamond":6,"minecraft:lever":4,"minecraft:emerald":2,"minecraft:acacia_slab":9,"minecraft:oak_sapling":2,"minecraft:brown_banner":1,"minecraft:melon_seeds":4,"minecraft:coal":65,"minecraft:hopper":16},"minecraft:mined":{"minecraft:white_bed":66,"minecraft:deepslate_diamond_ore":6,"minecraft:lever":4,"minecraft:acacia_log":145,"minecraft:grass_block":195,"minecraft:jungle_log":6,"minecraft:acacia_slab":6,"minecraft:hopper":16,"minecraft:cartography_table":1,"minecraft:oak_wall_sign":1,"minecraft:hay_block":32,"minecraft:furnace":7,"minecraft:acacia_trapdoor":30,"minecraft:fire":4,"minecraft:iron_ore":98,"minecraft:cobbled_deepslate":3,"minecraft:acacia_stairs":2,"minecraft:andesite":12,"minecraft:pumpkin":1,"minecraft:azure_bluet":1,"minecraft:bell":1,"minecraft:bookshelf":8,"minecraft:vine":5,"minecraft:deepslate_iron_ore":15,"minecraft:oak_sign":1,"minecraft:dirt_path":4,"minecraft:stone":188,"minecraft:tripwire":5,"minecraft:orange_bed":3,"minecraft:oak_slab":1,"minecraft:acacia_leaves":9,"minecraft:melon_stem":1,"minecraft:cornflower":1,"minecraft:crafting_table":12,"minecraft:torch":20,"minecraft:short_grass":356,"minecraft:melon":9,"minecraft:chest":25,"minecraft:lectern":1,"minecraft:tall_grass":25,"minecraft:cobblestone":32,"minecraft:deepslate_gold_ore":4,"minecraft:sugar_cane":8,"minecraft:oak_planks":13,"minecraft:diorite":38,"minecraft:wall_torch":4,"minecraft:wheat":42,"minecraft:oak_log":24,"minecraft:coal_ore":36,"minecraft:gravel":19,"minecraft:sand":13,"minecraft:dirt":228,"minecraft:acacia_planks":16,"minecraft:tripwire_hook":4,"minecraft:acacia_wall_sign":1,"minecraft:oak_leaves":4,"minecraft:deepslate":58,"minecraft:fern":11},"minecraft:broken":{"minecraft:iron_axe":1,"minecraft:wooden_sword":1,"minecraft:stone_axe":3,"minecraft:wooden_hoe":1},"minecraft:dropped":{"minecraft:iron_ingot":3,"minecraft:bread":23,"minecraft:porkchop":3,"minecraft:wheat_seeds":19,"minecraft:cookie":144,"minecraft:iron_helmet":1,"minecraft:cobblestone":1,"minecraft:acacia_log":28,"minecraft:stick":4,"minecraft:emerald":4,"minecraft:dirt":29,"minecraft:diorite":20,"minecraft:melon_slice":16,"minecraft:map":2,"minecraft:pumpkin_pie":44,"minecraft:iron_pickaxe":1,"minecraft:string":798,"minecraft:white_wool":4,"minecraft:acacia_planks":1,"minecraft:gravel":4,"minecraft:white_carpet":3,"minecraft:rotten_flesh":2,"minecraft:oak_planks":6,"minecraft:flint_and_steel":1,"minecraft:suspicious_stew":8,"minecraft:filled_map":1,"minecraft:poppy":28,"minecraft:iron_chestplate":1,"minecraft:andesite":1,"minecraft:acacia_slab":3,"minecraft:acacia_sapling":2,"minecraft:spider_eye":1,"minecraft:stone_pickaxe":1,"minecraft:cartography_table":1,"minecraft:egg":1}},"DataVersion":3955}