{"stats":{"minecraft:killed":{"minecraft:armadillo":1,"minecraft:spider":4,"minecraft:skeleton":5,"minecraft:chicken":5,"minecraft:magma_cube":32,"minecraft:piglin":1,"minecraft:pig":2,"minecraft:zombie_villager":1,"minecraft:iron_golem":24,"minecraft:sheep":7,"minecraft:zombie":5,"minecraft:wither_skeleton":1,"minecraft:blaze":9,"minecraft:enderman":1},"minecraft:used":{"minecraft:flint_and_steel":4,"minecraft:oak_sign":3,"minecraft:chest":39,"minecraft:shield":22,"minecraft:netherrack":201,"minecraft:bell":1,"minecraft:cooked_chicken":3,"minecraft:stone_hoe":102,"minecraft:rotten_flesh":1,"minecraft:iron_chestplate":1,"minecraft:orange_bed":3,"minecraft:torch":37,"minecraft:dirt":316,"minecraft:hopper":35,"minecraft:jungle_planks":1,"minecraft:nether_bricks":10,"minecraft:diamond_helmet":1,"minecraft:glass":4,"minecraft:lava_bucket":1,"minecraft:iron_axe":393,"minecraft:acacia_slab":6,"minecraft:iron_helmet":1,"minecraft:iron_boots":1,"minecraft:basalt":70,"minecraft:tripwire_hook":6,"minecraft:golden_carrot":28,"minecraft:soul_soil":5,"minecraft:furnace":9,"minecraft:acacia_planks":61,"minecraft:cobbled_deepslate":5,"minecraft:pumpkin":1,"minecraft:iron_leggings":1,"minecraft:wheat_seeds":17,"minecraft:cooked_mutton":1,"minecraft:acacia_boat":13,"minecraft:water_bucket":25,"minecraft:diamond_boots":1,"minecraft:acacia_trapdoor":35,"minecraft:stone_pickaxe":27,"minecraft:oak_planks":20,"minecraft:wooden_pickaxe":3,"minecraft:sugar_cane":10,"minecraft:sand":1,"minecraft:oak_slab":2,"minecraft:crafting_table":16,"minecraft:white_bed":67,"minecraft:shears":3,"minecraft:lever":5,"minecraft:wooden_hoe":88,"minecraft:diamond_shovel":335,"minecraft:acacia_sign":4,"minecraft:bread":41,"minecraft:chicken":1,"minecraft:string":8,"minecraft:iron_pickaxe":1036,"minecraft:gravel":14,"minecraft:acacia_fence_gate":1,"minecraft:stone_axe":359,"minecraft:diamond_sword":169,"minecraft:wooden_sword":61,"minecraft:cobblestone":89,"minecraft:cooked_porkchop":1,"minecraft:bucket":27,"minecraft:andesite":13,"minecraft:oak_boat":7,"minecraft:diamond_leggings":1},"minecraft:crafted":{"minecraft:wooden_sword":1,"minecraft:oak_planks":64,"minecraft:oak_sign":3,"minecraft:tripwire_hook":2,"minecraft:cooked_chicken":2,"minecraft:furnace":2,"minecraft:acacia_fence_gate":1,"minecraft:lever":1,"minecraft:diamond_shovel":2,"minecraft:cooked_mutton":9,"minecraft:glass":12,"minecraft:hopper":19,"minecraft:iron_boots":1,"minecraft:iron_axe":2,"minecraft:stone_pickaxe":1,"minecraft:chest":33,"minecraft:acacia_fence":3,"minecraft:stone_hoe":2,"minecraft:wheat":288,"minecraft:cooked_beef":2,"minecraft:oak_slab":6,"minecraft:diamond_sword":1,"minecraft:emerald":52,"minecraft:cooked_porkchop":3,"minecraft:crafting_table":4,"minecraft:wooden_pickaxe":1,"minecraft:iron_helmet":1,"minecraft:acacia_trapdoor":6,"minecraft:bucket":2,"minecraft:stone_axe":3,"minecraft:bread":84,"minecraft:acacia_boat":2,"minecraft:air":0,"minecraft:jungle_planks":24,"minecraft:oak_boat":2,"minecraft:iron_chestplate":1,"minecraft:wooden_hoe":1,"minecraft:acacia_sign":3,"minecraft:shield":1,"minecraft:stick":168,"minecraft:iron_ingot":108,"minecraft:iron_pickaxe":3,"minecraft:iron_block":5,"minecraft:gold_ingot":4,"minecraft:iron_leggings":1,"minecraft:anvil":1,"minecraft:white_bed":1,"minecraft:acacia_planks":412,"minecraft:torch":12,"minecraft:shears":1},"minecraft:custom":{"minecraft:mob_kills":98,"minecraft:animals_bred":2,"minecraft:inspect_hopper":4,"minecraft:interact_with_crafting_table":80,"minecraft:bell_ring":709,"minecraft:leave_game":5,"minecraft:time_since_death":281469,"minecraft:climb_one_cm":271,"minecraft:sprint_one_cm":909975,"minecraft:walk_one_cm":489259,"minecraft:damage_blocked_by_shield":1244,"minecraft:drop":106,"minecraft:talked_to_villager":60,"minecraft:play_time":281469,"minecraft:sneak_time":18009,"minecraft:walk_under_water_one_cm":2432,"minecraft:boat_one_cm":88326,"minecraft:jump":5676,"minecraft:interact_with_blast_furnace":8,"minecraft:walk_on_water_one_cm":40718,"minecraft:total_world_time":281469,"minecraft:interact_with_furnace":78,"minecraft:traded_with_villager":55,"minecraft:sleep_in_bed":5,"minecraft:time_since_rest":57768,"minecraft:damage_taken":3215,"minecraft:damage_dealt":32045,"minecraft:swim_one_cm":6908,"minecraft:fly_one_cm":1059543,"minecraft:open_chest":137,"minecraft:crouch_one_cm":31836,"minecraft:interact_with_smoker":6,"minecraft:fall_one_cm":103985},"minecraft:picked_up":{"minecraft:crafting_table":13,"minecraft:wheat":6,"minecraft:chicken":5,"minecraft:nether_wart":20,"minecraft:suspicious_stew":8,"minecraft:soul_soil":5,"minecraft:string":5245,"minecraft:iron_axe":1,"minecraft:flint_and_steel":1,"minecraft:white_carpet":3,"minecraft:oak_sign":2,"minecraft:diamond_leggings":1,"minecraft:cartography_table":1,"minecraft:cobbled_deepslate":61,"minecraft:acacia_sign":1,"minecraft:oak_boat":6,"minecraft:poppy":29,"minecraft:iron_pickaxe":3,"minecraft:lectern":1,"minecraft:melon_slice":16,"minecraft:sugar_cane":10,"minecraft:chest":26,"minecraft:egg":1,"minecraft:furnace":7,"minecraft:stick":8,"minecraft:raw_iron":113,"minecraft:torch":33,"minecraft:acacia_log":140,"minecraft:porkchop":5,"minecraft:cookie":144,"minecraft:diorite":58,"minecraft:arrow":1,"minecraft:orange_bed":3,"minecraft:diamond_chestplate":1,"minecraft:rotten_flesh":6,"minecraft:pumpkin_pie":44,"minecraft:nether_bricks":10,"minecraft:diamond_boots":1,"minecraft:hay_block":32,"minecraft:blaze_rod":6,"minecraft:bone_block":50,"minecraft:mutton":9,"minecraft:white_wool":7,"minecraft:cobblestone":215,"minecraft:magma_cream":1,"minecraft:feather":4,"minecraft:basalt":94,"minecraft:golden_carrot":64,"minecraft:tripwire_hook":4,"minecraft:jungle_log":6,"minecraft:andesite":18,"minecraft:filled_map":1,"minecraft:flint":1,"minecraft:oak_log":16,"minecraft:acacia_boat":13,"minecraft:map":1,"minecraft:dirt":469,"minecraft:bone":2,"minecraft:acacia_planks":17,"minecraft:wheat_seeds":105,"minecraft:acacia_trapdoor":30,"minecraft:raw_gold":5,"minecraft:bell":1,"minecraft:iron_ingot":98,"minecraft:cooked_chicken":1,"minecraft:soul_sand":19,"minecraft:diamond_helmet":1,"minecraft:acacia_sapling":8,"minecraft:oak_planks":12,"minecraft:book":24,"minecraft:oak_slab":1,"minecraft:pumpkin":1,"minecraft:quartz":5,"minecraft:gravel":18,"minecraft:sand":13,"minecraft:white_bed":66,"minecraft:acacia_stairs":1,"minecraft:spider_eye":2,"minecraft:diamond_shovel":1,"minecraft:diamond":6,"minecraft:lever":4,"minecraft:netherrack":215,"minecraft:emerald":2,"minecraft:acacia_slab":9,"minecraft:oak_sapling":2,"minecraft:brown_banner":1,"minecraft:melon_seeds":4,"minecraft:coal":65,"minecraft:hopper":16},"minecraft:mined":{"minecraft:white_bed":66,"minecraft:deepslate_diamond_ore":6,"minecraft:nether_bricks":16,"minecraft:lever":4,"minecraft:acacia_log":145,"minecraft:grass_block":195,"minecraft:crimson_roots":1,"minecraft:jungle_log":6,"minecraft:soul_soil":6,"minecraft:nether_wart":19,"minecraft:acacia_slab":6,"minecraft:hopper":16,"minecraft:cartography_table":1,"minecraft:oak_wall_sign":1,"minecraft:hay_block":32,"minecraft:magma_block":3,"minecraft:glowstone":1,"minecraft:furnace":7,"minecraft:acacia_trapdoor":30,"minecraft:fire":18,"minecraft:iron_ore":98,"minecraft:cobbled_deepslate":3,"minecraft:acacia_stairs":2,"minecraft:andesite":12,"minecraft:pumpkin":1,"minecraft:azure_bluet":1,"minecraft:bell":1,"minecraft:bookshelf":8,"minecraft:vine":5,"minecraft:deepslate_iron_ore":15,"minecraft:oak_sign":1,"minecraft:dirt_path":4,"minecraft:stone":188,"minecraft:bone_block":50,"minecraft:tripwire":5,"minecraft:orange_bed":3,"minecraft:oak_slab":1,"minecraft:acacia_leaves":9,"minecraft:soul_sand":19,"minecraft:blackstone":8,"minecraft:melon_stem":1,"minecraft:soul_fire":1,"minecraft:basalt":107,"minecraft:cornflower":1,"minecraft:crafting_table":13,"minecraft:torch":21,"minecraft:short_grass":366,"minecraft:melon":9,"minecraft:chest":25,"minecraft:lectern":1,"minecraft:nether_quartz_ore":5,"minecraft:tall_grass":25,"minecraft:cobblestone":32,"minecraft:deepslate_gold_ore":4,"minecraft:sugar_cane":8,"minecraft:oak_planks":13,"minecraft:diorite":38,"minecraft:wall_torch":4,"minecraft:wheat":42,"minecraft:oak_log":24,"minecraft:coal_ore":36,"minecraft:gravel":19,"minecraft:sand":13,"minecraft:dirt":256,"minecraft:acacia_planks":16,"minecraft:tripwire_hook":4,"minecraft:netherrack":234,"minecraft:acacia_wall_sign":1,"minecraft:oak_leaves":4,"minecraft:deepslate":58,"minecraft:fern":11},"minecraft:broken":{"minecraft:iron_axe":1,"minecraft:wooden_sword":1,"minecraft:stone_axe":3,"minecraft:iron_pickaxe":3,"minecraft:wooden_hoe":1},"minecraft:dropped":{"minecraft:iron_ingot":3,"minecraft:bread":23,"minecraft:porkchop":3,"minecraft:wheat_seeds":19,"minecraft:cookie":144,"minecraft:iron_helmet":1,"minecraft:cobblestone":1,"minecraft:acacia_log":28,"minecraft:stick":4,"minecraft:emerald":4,"minecraft:diamond_horse_armor":1,"minecraft:dirt":34,"minecraft:diorite":20,"minecraft:melon_slice":16,"minecraft:map":2,"minecraft:pumpkin_pie":44,"minecraft:iron_pickaxe":1,"minecraft:string":798,"minecraft:white_wool":4,"minecraft:acacia_planks":1,"minecraft:gravel":4,"minecraft:white_carpet":3,"minecraft:rotten_flesh":4,"minecraft:oak_planks":6,"minecraft:flint_and_steel":1,"minecraft:suspicious_stew":8,"minecraft:filled_map":1,"minecraft:poppy":29,"minecraft:iron_chestplate":1,"minecraft:andesite":1,"minecraft:acacia_slab":3,"minecraft:acacia_sapling":2,"minecraft:spider_eye":1,"minecraft:stone_pickaxe":1,"minecraft:quartz":5,"minecraft:cartography_table":1,"minecraft:egg":1}},"DataVersion":3955}