{"stats":{"minecraft:killed":{"minecraft:armadillo":1,"minecraft:spider":3,"minecraft:horse":1,"minecraft:skeleton":7,"minecraft:chicken":1,"minecraft:piglin":1,"minecraft:pig":7,"minecraft:creeper":1,"minecraft:sheep":25,"minecraft:zombie":8,"minecraft:donkey":1,"minecraft:enderman":1,"minecraft:cow":18},"minecraft:used":{"minecraft:stone_sword":102,"minecraft:iron_shovel":250,"minecraft:flint_and_steel":19,"minecraft:chest":35,"minecraft:shield":34,"minecraft:iron_sword":57,"minecraft:netherrack":84,"minecraft:cooked_chicken":3,"minecraft:orange_bed":6,"minecraft:torch":22,"minecraft:dirt":187,"minecraft:granite":1,"minecraft:obsidian":10,"minecraft:glass":81,"minecraft:jungle_fence_gate":5,"minecraft:iron_axe":287,"minecraft:iron_boots":1,"minecraft:basalt":142,"minecraft:furnace":13,"minecraft:egg":2,"minecraft:cooked_beef":2,"minecraft:acacia_planks":278,"minecraft:cobbled_deepslate":8,"minecraft:cooked_mutton":2,"minecraft:water_bucket":8,"minecraft:stone_pickaxe":33,"minecraft:wooden_pickaxe":16,"minecraft:sugar_cane":9,"minecraft:crafting_table":10,"minecraft:red_bed":2,"minecraft:white_bed":8,"minecraft:diamond_pickaxe":329,"minecraft:acacia_stairs":47,"minecraft:bread":28,"minecraft:iron_pickaxe":255,"minecraft:acacia_fence_gate":12,"minecraft:stone_axe":37,"minecraft:cobblestone":8,"minecraft:cooked_porkchop":2,"minecraft:bucket":9,"minecraft:andesite":1,"minecraft:oak_boat":2},"minecraft:crafted":{"minecraft:oak_planks":36,"minecraft:jungle_fence_gate":2,"minecraft:furnace":3,"minecraft:acacia_fence_gate":11,"minecraft:bone_meal":9,"minecraft:flint_and_steel":1,"minecraft:glass":81,"minecraft:iron_boots":1,"minecraft:iron_axe":2,"minecraft:stone_pickaxe":1,"minecraft:chest":11,"minecraft:wheat":423,"minecraft:cooked_beef":3,"minecraft:crafting_table":3,"minecraft:wooden_pickaxe":1,"minecraft:iron_helmet":1,"minecraft:iron_sword":1,"minecraft:bucket":1,"minecraft:stone_axe":1,"minecraft:acacia_boat":1,"minecraft:bread":153,"minecraft:air":0,"minecraft:jungle_planks":20,"minecraft:oak_boat":1,"minecraft:book":1,"minecraft:iron_chestplate":1,"minecraft:diamond_pickaxe":1,"minecraft:shield":1,"minecraft:stick":72,"minecraft:iron_ingot":58,"minecraft:iron_pickaxe":2,"minecraft:stone_sword":1,"minecraft:gold_ingot":38,"minecraft:iron_shovel":1,"minecraft:iron_leggings":1,"minecraft:white_bed":8,"minecraft:acacia_planks":360,"minecraft:torch":16},"minecraft:custom":{"minecraft:mob_kills":75,"minecraft:interact_with_crafting_table":37,"minecraft:leave_game":6,"minecraft:time_since_death":79185,"minecraft:climb_one_cm":169,"minecraft:sprint_one_cm":395191,"minecraft:walk_one_cm":238776,"minecraft:damage_blocked_by_shield":1720,"minecraft:drop":69,"minecraft:talked_to_villager":9,"minecraft:play_time":149358,"minecraft:deaths":1,"minecraft:sneak_time":22846,"minecraft:walk_under_water_one_cm":8239,"minecraft:boat_one_cm":243514,"minecraft:jump":3198,"minecraft:walk_on_water_one_cm":24545,"minecraft:total_world_time":149358,"minecraft:interact_with_furnace":118,"minecraft:time_since_rest":79210,"minecraft:damage_taken":1620,"minecraft:damage_dealt":9276,"minecraft:swim_one_cm":70441,"minecraft:fly_one_cm":658701,"minecraft:open_chest":76,"minecraft:crouch_one_cm":91426,"minecraft:fall_one_cm":91699},"minecraft:picked_up":{"minecraft:fishing_rod":1,"minecraft:iron_chestplate":2,"minecraft:crafting_table":10,"minecraft:enchanted_book":1,"minecraft:diamond_horse_armor":1,"minecraft:shield":2,"minecraft:string":4,"minecraft:red_bed":2,"minecraft:iron_axe":2,"minecraft:acacia_door":1,"minecraft:flint_and_steel":1,"minecraft:iron_leggings":2,"minecraft:white_carpet":1,"minecraft:iron_shovel":1,"minecraft:gold_nugget":9,"minecraft:cobbled_deepslate":20,"minecraft:beef":31,"minecraft:acacia_fence_gate":2,"minecraft:oak_boat":2,"minecraft:iron_pickaxe":2,"minecraft:sugar_cane":9,"minecraft:chest":24,"minecraft:egg":2,"minecraft:iron_boots":2,"minecraft:furnace":13,"minecraft:stick":6,"minecraft:raw_iron":49,"minecraft:acacia_log":57,"minecraft:torch":8,"minecraft:porkchop":12,"minecraft:jungle_fence_gate":3,"minecraft:diorite":1,"minecraft:stone_pressure_plate":1,"minecraft:tnt":9,"minecraft:orange_bed":6,"minecraft:cactus":1,"minecraft:arrow":5,"minecraft:rotten_flesh":19,"minecraft:hay_block":102,"minecraft:gold_ingot":38,"minecraft:obsidian":12,"minecraft:mutton":42,"minecraft:cobblestone":78,"minecraft:white_wool":26,"minecraft:basalt":167,"minecraft:feather":6,"minecraft:cooked_beef":7,"minecraft:jungle_log":5,"minecraft:glow_ink_sac":22,"minecraft:water_bucket":1,"minecraft:andesite":1,"minecraft:leather":16,"minecraft:acacia_wood":33,"minecraft:flint":1,"minecraft:oak_log":9,"minecraft:gunpowder":2,"minecraft:dirt":234,"minecraft:lapis_lazuli":113,"minecraft:orange_terracotta":1,"minecraft:cooked_mutton":12,"minecraft:coast_armor_trim_smithing_template":2,"minecraft:bone":49,"minecraft:acacia_planks":72,"minecraft:apple":24,"minecraft:kelp":1,"minecraft:wheat_seeds":85,"minecraft:raw_gold":38,"minecraft:iron_ingot":30,"minecraft:cooked_chicken":3,"minecraft:tall_grass":1,"minecraft:iron_sword":2,"minecraft:cooked_porkchop":8,"minecraft:quartz":46,"minecraft:gravel":1,"minecraft:sand":112,"minecraft:acacia_stairs":48,"minecraft:diamond":7,"minecraft:short_grass":2,"minecraft:iron_helmet":2,"minecraft:granite":17,"minecraft:bone_meal":12,"minecraft:emerald":15,"minecraft:bread":239,"minecraft:oak_sapling":3,"minecraft:netherrack":113,"minecraft:melon_seeds":9,"minecraft:coal":176,"minecraft:ender_pearl":1},"minecraft:mined":{"minecraft:nether_gold_ore":2,"minecraft:deepslate_diamond_ore":2,"minecraft:obsidian":8,"minecraft:granite":2,"minecraft:acacia_log":59,"minecraft:grass_block":94,"minecraft:jungle_log":5,"minecraft:hay_block":47,"minecraft:tall_seagrass":1,"minecraft:furnace":7,"minecraft:iron_ore":40,"minecraft:fire":14,"minecraft:acacia_wood":33,"minecraft:acacia_stairs":48,"minecraft:andesite":1,"minecraft:dirt_path":69,"minecraft:stone":56,"minecraft:jungle_fence_gate":3,"minecraft:orange_bed":6,"minecraft:glass_pane":3,"minecraft:red_bed":2,"minecraft:melon_stem":1,"minecraft:basalt":203,"minecraft:crafting_table":8,"minecraft:torch":1,"minecraft:short_grass":171,"minecraft:chest":24,"minecraft:nether_quartz_ore":46,"minecraft:glass":2,"minecraft:tall_grass":5,"minecraft:cobblestone":2,"minecraft:deepslate_gold_ore":3,"minecraft:lapis_ore":5,"minecraft:sugar_cane":6,"minecraft:acacia_fence_gate":2,"minecraft:wheat":7,"minecraft:white_carpet":1,"minecraft:coal_ore":110,"minecraft:oak_log":9,"minecraft:acacia_door":1,"minecraft:gravel":2,"minecraft:sand":100,"minecraft:dirt":37,"minecraft:acacia_planks":68,"minecraft:netherrack":130,"minecraft:gold_ore":8,"minecraft:oak_leaves":4,"minecraft:deepslate":8},"minecraft:killed_by":{"minecraft:creeper":1},"minecraft:broken":{"minecraft:iron_shovel":1,"minecraft:stone_sword":1},"minecraft:dropped":{"minecraft:bread":196,"minecraft:iron_ingot":29,"minecraft:iron_sword":1,"minecraft:short_grass":2,"minecraft:wheat_seeds":4,"minecraft:golden_helmet":1,"minecraft:glow_ink_sac":11,"minecraft:diamond":2,"minecraft:feather":6,"minecraft:cobblestone":4,"minecraft:iron_helmet":1,"minecraft:jungle_planks":2,"minecraft:coal":38,"minecraft:stick":7,"minecraft:emerald":5,"minecraft:dirt":5,"minecraft:torch":2,"minecraft:iron_leggings":1,"minecraft:bone_meal":3,"minecraft:sand":3,"minecraft:iron_axe":1,"minecraft:iron_pickaxe":1,"minecraft:acacia_door":1,"minecraft:string":1,"minecraft:acacia_planks":16,"minecraft:bone":23,"minecraft:gravel":1,"minecraft:stone_axe":1,"minecraft:kelp":1,"minecraft:iron_nugget":11,"minecraft:cobbled_deepslate":6,"minecraft:raw_iron":15,"minecraft:tall_grass":1,"minecraft:rotten_flesh":8,"minecraft:white_carpet":1,"minecraft:oak_planks":1,"minecraft:iron_boots":1,"minecraft:leather_chestplate":1,"minecraft:shield":1,"minecraft:iron_chestplate":1,"minecraft:melon_seeds":2,"minecraft:oak_sapling":3,"minecraft:wooden_pickaxe":1,"minecraft:arrow":1,"minecraft:stone_pickaxe":1,"minecraft:raw_gold":38}},"DataVersion":3955}