{"stats":{"minecraft:custom":{"minecraft:time_since_rest":3531,"minecraft:crouch_one_cm":2015,"minecraft:play_time":3531,"minecraft:sprint_one_cm":6797,"minecraft:walk_one_cm":5827,"minecraft:sneak_time":536,"minecraft:jump":57,"minecraft:time_since_death":3531,"minecraft:total_world_time":3531,"minecraft:interact_with_crafting_table":2,"minecraft:fall_one_cm":2150,"minecraft:fly_one_cm":14050},"minecraft:used":{"minecraft:stone_axe":1,"minecraft:crafting_table":1,"minecraft:wooden_pickaxe":16},"minecraft:mined":{"minecraft:jungle_log":5,"minecraft:stone":16,"minecraft:crafting_table":1},"minecraft:picked_up":{"minecraft:crafting_table":1,"minecraft:jungle_log":5,"minecraft:cobblestone":16},"minecraft:crafted":{"minecraft:stone_sword":1,"minecraft:furnace":1,"minecraft:crafting_table":1,"minecraft:stone_axe":1,"minecraft:stick":8,"minecraft:wooden_pickaxe":1,"minecraft:jungle_planks":20,"minecraft:stone_pickaxe":1}},"DataVersion":3955}