{"stats":{"minecraft:custom":{"minecraft:mob_kills":35,"minecraft:interact_with_crafting_table":26,"minecraft:leave_game":2,"minecraft:time_since_death":13122,"minecraft:climb_one_cm":16,"minecraft:sprint_one_cm":206208,"minecraft:walk_one_cm":152251,"minecraft:damage_blocked_by_shield":1720,"minecraft:drop":60,"minecraft:talked_to_villager":3,"minecraft:play_time":83295,"minecraft:deaths":1,"minecraft:sneak_time":11928,"minecraft:walk_under_water_one_cm":6979,"minecraft:boat_one_cm":243514,"minecraft:jump":1625,"minecraft:walk_on_water_one_cm":12509,"minecraft:total_world_time":83295,"minecraft:interact_with_furnace":68,"minecraft:time_since_rest":13147,"minecraft:damage_taken":1264,"minecraft:damage_dealt":5332,"minecraft:swim_one_cm":52527,"minecraft:fly_one_cm":307612,"minecraft:open_chest":37,"minecraft:crouch_one_cm":57349,"minecraft:fall_one_cm":42976},"minecraft:picked_up":{"minecraft:iron_chestplate":2,"minecraft:crafting_table":8,"minecraft:shield":2,"minecraft:iron_axe":1,"minecraft:string":3,"minecraft:red_bed":2,"minecraft:acacia_door":1,"minecraft:iron_leggings":2,"minecraft:iron_shovel":1,"minecraft:cobbled_deepslate":14,"minecraft:beef":3,"minecraft:acacia_fence_gate":1,"minecraft:oak_boat":2,"minecraft:iron_pickaxe":2,"minecraft:chest":10,"minecraft:iron_boots":2,"minecraft:furnace":10,"minecraft:stick":5,"minecraft:raw_iron":49,"minecraft:torch":5,"minecraft:acacia_log":44,"minecraft:porkchop":2,"minecraft:jungle_fence_gate":3,"minecraft:orange_bed":6,"minecraft:arrow":5,"minecraft:rotten_flesh":15,"minecraft:hay_block":47,"minecraft:white_wool":4,"minecraft:cobblestone":63,"minecraft:feather":6,"minecraft:cooked_beef":7,"minecraft:water_bucket":1,"minecraft:glow_ink_sac":11,"minecraft:andesite":1,"minecraft:jungle_log":5,"minecraft:leather":3,"minecraft:acacia_wood":33,"minecraft:flint":1,"minecraft:oak_log":9,"minecraft:lapis_lazuli":70,"minecraft:dirt":187,"minecraft:cooked_mutton":12,"minecraft:bone":26,"minecraft:acacia_planks":71,"minecraft:apple":23,"minecraft:kelp":1,"minecraft:wheat_seeds":38,"minecraft:raw_gold":38,"minecraft:iron_ingot":13,"minecraft:cooked_chicken":3,"minecraft:tall_grass":1,"minecraft:iron_sword":2,"minecraft:cooked_porkchop":5,"minecraft:gravel":1,"minecraft:sand":29,"minecraft:acacia_stairs":47,"minecraft:diamond":5,"minecraft:short_grass":2,"minecraft:iron_helmet":2,"minecraft:granite":9,"minecraft:bone_meal":3,"minecraft:bread":219,"minecraft:emerald":5,"minecraft:oak_sapling":3,"minecraft:melon_seeds":4,"minecraft:coal":176},"minecraft:broken":{"minecraft:stone_sword":1},"minecraft:killed_by":{"minecraft:creeper":1},"minecraft:crafted":{"minecraft:oak_planks":36,"minecraft:jungle_fence_gate":2,"minecraft:furnace":3,"minecraft:acacia_fence_gate":5,"minecraft:bone_meal":9,"minecraft:flint_and_steel":1,"minecraft:iron_boots":1,"minecraft:iron_axe":2,"minecraft:stone_pickaxe":1,"minecraft:chest":11,"minecraft:wheat":423,"minecraft:cooked_beef":3,"minecraft:crafting_table":3,"minecraft:wooden_pickaxe":1,"minecraft:iron_helmet":1,"minecraft:iron_sword":1,"minecraft:bucket":1,"minecraft:stone_axe":1,"minecraft:bread":144,"minecraft:air":0,"minecraft:jungle_planks":20,"minecraft:oak_boat":1,"minecraft:iron_chestplate":1,"minecraft:shield":1,"minecraft:stick":48,"minecraft:iron_ingot":38,"minecraft:iron_pickaxe":1,"minecraft:stone_sword":1,"minecraft:iron_shovel":1,"minecraft:iron_leggings":1,"minecraft:acacia_planks":308,"minecraft:torch":16},"minecraft:killed":{"minecraft:armadillo":1,"minecraft:spider":3,"minecraft:skeleton":7,"minecraft:horse":1,"minecraft:chicken":1,"minecraft:pig":3,"minecraft:creeper":1,"minecraft:sheep":4,"minecraft:zombie":8,"minecraft:donkey":1,"minecraft:cow":5},"minecraft:mined":{"minecraft:deepslate_diamond_ore":2,"minecraft:granite":2,"minecraft:acacia_log":45,"minecraft:grass_block":84,"minecraft:jungle_log":5,"minecraft:hay_block":47,"minecraft:tall_seagrass":1,"minecraft:furnace":4,"minecraft:iron_ore":40,"minecraft:fire":14,"minecraft:acacia_wood":33,"minecraft:acacia_stairs":48,"minecraft:andesite":1,"minecraft:dirt_path":69,"minecraft:stone":56,"minecraft:jungle_fence_gate":3,"minecraft:orange_bed":6,"minecraft:glass_pane":3,"minecraft:red_bed":2,"minecraft:melon_stem":1,"minecraft:crafting_table":7,"minecraft:short_grass":162,"minecraft:chest":10,"minecraft:tall_grass":5,"minecraft:cobblestone":2,"minecraft:lapis_ore":5,"minecraft:deepslate_gold_ore":3,"minecraft:acacia_fence_gate":2,"minecraft:wheat":7,"minecraft:oak_log":9,"minecraft:coal_ore":110,"minecraft:gravel":2,"minecraft:acacia_door":1,"minecraft:sand":34,"minecraft:dirt":33,"minecraft:acacia_planks":67,"minecraft:gold_ore":8,"minecraft:oak_leaves":3,"minecraft:deepslate":8},"minecraft:dropped":{"minecraft:iron_ingot":29,"minecraft:bread":117,"minecraft:iron_sword":1,"minecraft:short_grass":2,"minecraft:wheat_seeds":3,"minecraft:golden_helmet":1,"minecraft:glow_ink_sac":11,"minecraft:diamond":2,"minecraft:cobblestone":4,"minecraft:iron_helmet":1,"minecraft:feather":6,"minecraft:jungle_planks":2,"minecraft:coal":38,"minecraft:emerald":5,"minecraft:stick":7,"minecraft:dirt":4,"minecraft:torch":2,"minecraft:iron_leggings":1,"minecraft:bone_meal":3,"minecraft:iron_axe":1,"minecraft:sand":3,"minecraft:iron_pickaxe":1,"minecraft:acacia_door":1,"minecraft:string":1,"minecraft:acacia_planks":16,"minecraft:bone":23,"minecraft:gravel":1,"minecraft:stone_axe":1,"minecraft:kelp":1,"minecraft:iron_nugget":11,"minecraft:cobbled_deepslate":6,"minecraft:raw_iron":15,"minecraft:tall_grass":1,"minecraft:rotten_flesh":8,"minecraft:oak_planks":1,"minecraft:iron_boots":1,"minecraft:leather_chestplate":1,"minecraft:shield":1,"minecraft:iron_chestplate":1,"minecraft:melon_seeds":2,"minecraft:oak_sapling":3,"minecraft:wooden_pickaxe":1,"minecraft:arrow":1,"minecraft:stone_pickaxe":1,"minecraft:raw_gold":38},"minecraft:used":{"minecraft:stone_sword":102,"minecraft:iron_shovel":203,"minecraft:flint_and_steel":18,"minecraft:chest":21,"minecraft:shield":34,"minecraft:iron_sword":26,"minecraft:cooked_chicken":3,"minecraft:orange_bed":6,"minecraft:torch":19,"minecraft:dirt":174,"minecraft:granite":1,"minecraft:jungle_fence_gate":5,"minecraft:iron_axe":228,"minecraft:iron_boots":1,"minecraft:furnace":10,"minecraft:cobbled_deepslate":8,"minecraft:cooked_beef":2,"minecraft:acacia_planks":265,"minecraft:cooked_mutton":2,"minecraft:water_bucket":1,"minecraft:stone_pickaxe":33,"minecraft:wooden_pickaxe":16,"minecraft:crafting_table":9,"minecraft:red_bed":2,"minecraft:acacia_stairs":47,"minecraft:bread":12,"minecraft:iron_pickaxe":192,"minecraft:acacia_fence_gate":6,"minecraft:stone_axe":37,"minecraft:cobblestone":8,"minecraft:cooked_porkchop":2,"minecraft:andesite":1,"minecraft:bucket":2,"minecraft:oak_boat":2}},"DataVersion":3955}