{"stats":{"minecraft:custom":{"minecraft:mob_kills":28,"minecraft:interact_with_crafting_table":23,"minecraft:leave_game":2,"minecraft:time_since_death":65744,"minecraft:sprint_one_cm":160715,"minecraft:walk_one_cm":116132,"minecraft:damage_blocked_by_shield":500,"minecraft:drop":35,"minecraft:talked_to_villager":3,"minecraft:play_time":65744,"minecraft:sneak_time":9549,"minecraft:walk_under_water_one_cm":5648,"minecraft:boat_one_cm":243514,"minecraft:jump":1262,"minecraft:walk_on_water_one_cm":6265,"minecraft:total_world_time":65744,"minecraft:interact_with_furnace":59,"minecraft:time_since_rest":65744,"minecraft:damage_taken":690,"minecraft:damage_dealt":4006,"minecraft:swim_one_cm":25412,"minecraft:fly_one_cm":249977,"minecraft:open_chest":25,"minecraft:crouch_one_cm":47267,"minecraft:fall_one_cm":34887},"minecraft:picked_up":{"minecraft:crafting_table":7,"minecraft:string":1,"minecraft:red_bed":2,"minecraft:acacia_door":1,"minecraft:beef":3,"minecraft:oak_boat":1,"minecraft:chest":10,"minecraft:furnace":4,"minecraft:stick":2,"minecraft:raw_iron":39,"minecraft:torch":5,"minecraft:acacia_log":37,"minecraft:porkchop":2,"minecraft:orange_bed":6,"minecraft:arrow":1,"minecraft:rotten_flesh":6,"minecraft:hay_block":47,"minecraft:cobblestone":40,"minecraft:white_wool":4,"minecraft:feather":6,"minecraft:cooked_beef":7,"minecraft:glow_ink_sac":2,"minecraft:jungle_log":5,"minecraft:leather":3,"minecraft:acacia_wood":33,"minecraft:flint":1,"minecraft:oak_log":9,"minecraft:dirt":167,"minecraft:cooked_mutton":7,"minecraft:bone":1,"minecraft:acacia_planks":65,"minecraft:apple":1,"minecraft:kelp":1,"minecraft:wheat_seeds":38,"minecraft:raw_gold":10,"minecraft:cooked_chicken":3,"minecraft:tall_grass":1,"minecraft:cooked_porkchop":5,"minecraft:gravel":1,"minecraft:sand":3,"minecraft:acacia_stairs":47,"minecraft:diamond":3,"minecraft:short_grass":2,"minecraft:granite":1,"minecraft:bone_meal":3,"minecraft:oak_sapling":3,"minecraft:melon_seeds":4,"minecraft:coal":60},"minecraft:broken":{"minecraft:stone_sword":1},"minecraft:crafted":{"minecraft:oak_planks":36,"minecraft:furnace":3,"minecraft:bone_meal":3,"minecraft:flint_and_steel":1,"minecraft:iron_boots":1,"minecraft:iron_axe":2,"minecraft:stone_pickaxe":1,"minecraft:chest":11,"minecraft:wheat":423,"minecraft:cooked_beef":3,"minecraft:crafting_table":3,"minecraft:wooden_pickaxe":1,"minecraft:iron_helmet":1,"minecraft:iron_sword":1,"minecraft:bucket":1,"minecraft:stone_axe":1,"minecraft:bread":144,"minecraft:air":0,"minecraft:jungle_planks":20,"minecraft:oak_boat":1,"minecraft:iron_chestplate":1,"minecraft:shield":1,"minecraft:stick":16,"minecraft:iron_ingot":38,"minecraft:iron_pickaxe":1,"minecraft:stone_sword":1,"minecraft:iron_shovel":1,"minecraft:iron_leggings":1,"minecraft:acacia_planks":280},"minecraft:killed":{"minecraft:armadillo":1,"minecraft:spider":2,"minecraft:skeleton":3,"minecraft:horse":1,"minecraft:chicken":1,"minecraft:pig":3,"minecraft:creeper":1,"minecraft:sheep":4,"minecraft:donkey":1,"minecraft:zombie":6,"minecraft:cow":5},"minecraft:mined":{"minecraft:granite":2,"minecraft:acacia_log":38,"minecraft:grass_block":80,"minecraft:jungle_log":5,"minecraft:hay_block":47,"minecraft:tall_seagrass":1,"minecraft:furnace":4,"minecraft:iron_ore":40,"minecraft:fire":14,"minecraft:acacia_wood":33,"minecraft:acacia_stairs":48,"minecraft:dirt_path":69,"minecraft:stone":39,"minecraft:orange_bed":6,"minecraft:glass_pane":3,"minecraft:red_bed":2,"minecraft:melon_stem":1,"minecraft:crafting_table":7,"minecraft:short_grass":162,"minecraft:chest":10,"minecraft:tall_grass":5,"minecraft:cobblestone":2,"minecraft:wheat":7,"minecraft:oak_log":9,"minecraft:coal_ore":47,"minecraft:gravel":2,"minecraft:acacia_door":1,"minecraft:sand":3,"minecraft:dirt":21,"minecraft:acacia_planks":65,"minecraft:gold_ore":8,"minecraft:oak_leaves":3},"minecraft:dropped":{"minecraft:iron_ingot":16,"minecraft:bread":33,"minecraft:short_grass":2,"minecraft:wheat_seeds":3,"minecraft:golden_helmet":1,"minecraft:feather":6,"minecraft:jungle_planks":1,"minecraft:stick":2,"minecraft:dirt":4,"minecraft:torch":2,"minecraft:bone_meal":3,"minecraft:sand":3,"minecraft:acacia_door":1,"minecraft:string":1,"minecraft:acacia_planks":12,"minecraft:gravel":1,"minecraft:stone_axe":1,"minecraft:kelp":1,"minecraft:iron_nugget":11,"minecraft:tall_grass":1,"minecraft:rotten_flesh":5,"minecraft:oak_planks":1,"minecraft:leather_chestplate":1,"minecraft:melon_seeds":2,"minecraft:oak_sapling":3,"minecraft:wooden_pickaxe":1,"minecraft:arrow":1,"minecraft:stone_pickaxe":1},"minecraft:used":{"minecraft:stone_sword":102,"minecraft:iron_shovel":162,"minecraft:flint_and_steel":18,"minecraft:chest":21,"minecraft:shield":13,"minecraft:iron_sword":5,"minecraft:cooked_chicken":3,"minecraft:orange_bed":6,"minecraft:torch":3,"minecraft:dirt":163,"minecraft:granite":1,"minecraft:iron_axe":214,"minecraft:iron_boots":1,"minecraft:furnace":7,"minecraft:cooked_beef":2,"minecraft:acacia_planks":263,"minecraft:cooked_mutton":2,"minecraft:stone_pickaxe":33,"minecraft:wooden_pickaxe":16,"minecraft:crafting_table":9,"minecraft:red_bed":2,"minecraft:acacia_stairs":47,"minecraft:bread":5,"minecraft:iron_pickaxe":93,"minecraft:stone_axe":37,"minecraft:cobblestone":8,"minecraft:cooked_porkchop":2,"minecraft:oak_boat":1}},"DataVersion":3955}