{"stats":{"minecraft:custom":{"minecraft:interact_with_furnace":18,"minecraft:mob_kills":21,"minecraft:interact_with_crafting_table":14,"minecraft:time_since_death":39531,"minecraft:time_since_rest":39531,"minecraft:sprint_one_cm":106471,"minecraft:damage_taken":271,"minecraft:walk_one_cm":60757,"minecraft:damage_blocked_by_shield":50,"minecraft:drop":23,"minecraft:damage_dealt":2329,"minecraft:talked_to_villager":2,"minecraft:swim_one_cm":24904,"minecraft:fly_one_cm":181146,"minecraft:open_chest":9,"minecraft:crouch_one_cm":23026,"minecraft:play_time":39531,"minecraft:sneak_time":4476,"minecraft:walk_under_water_one_cm":3685,"minecraft:boat_one_cm":243514,"minecraft:jump":782,"minecraft:walk_on_water_one_cm":1298,"minecraft:total_world_time":39531,"minecraft:fall_one_cm":18667},"minecraft:broken":{"minecraft:stone_sword":1},"minecraft:used":{"minecraft:iron_shovel":41,"minecraft:stone_sword":102,"minecraft:flint_and_steel":18,"minecraft:stone_pickaxe":33,"minecraft:chest":7,"minecraft:shield":3,"minecraft:wooden_pickaxe":16,"minecraft:cooked_chicken":3,"minecraft:orange_bed":6,"minecraft:dirt":42,"minecraft:crafting_table":7,"minecraft:red_bed":2,"minecraft:iron_axe":131,"minecraft:stone_axe":37,"minecraft:cobblestone":4,"minecraft:furnace":3,"minecraft:cooked_porkchop":2,"minecraft:oak_boat":1,"minecraft:cooked_beef":2,"minecraft:acacia_planks":132},"minecraft:killed":{"minecraft:armadillo":1,"minecraft:pig":3,"minecraft:spider":1,"minecraft:sheep":4,"minecraft:horse":1,"minecraft:skeleton":2,"minecraft:zombie":2,"minecraft:donkey":1,"minecraft:chicken":1,"minecraft:cow":5},"minecraft:mined":{"minecraft:glass_pane":3,"minecraft:red_bed":2,"minecraft:crafting_table":5,"minecraft:short_grass":160,"minecraft:acacia_log":24,"minecraft:grass_block":21,"minecraft:chest":4,"minecraft:jungle_log":5,"minecraft:tall_grass":5,"minecraft:hay_block":47,"minecraft:tall_seagrass":1,"minecraft:furnace":2,"minecraft:wheat":4,"minecraft:iron_ore":11,"minecraft:fire":14,"minecraft:acacia_wood":8,"minecraft:acacia_stairs":46,"minecraft:coal_ore":16,"minecraft:oak_log":9,"minecraft:dirt":3,"minecraft:dirt_path":20,"minecraft:acacia_door":1,"minecraft:gravel":2,"minecraft:sand":3,"minecraft:acacia_planks":51,"minecraft:stone":20,"minecraft:oak_leaves":3,"minecraft:orange_bed":6},"minecraft:dropped":{"minecraft:gravel":1,"minecraft:stone_axe":1,"minecraft:short_grass":2,"minecraft:kelp":1,"minecraft:wheat_seeds":3,"minecraft:golden_helmet":1,"minecraft:iron_nugget":11,"minecraft:tall_grass":1,"minecraft:feather":6,"minecraft:rotten_flesh":3,"minecraft:oak_planks":1,"minecraft:jungle_planks":1,"minecraft:leather_chestplate":1,"minecraft:torch":2,"minecraft:oak_sapling":3,"minecraft:bone_meal":3,"minecraft:stone_pickaxe":1,"minecraft:sand":3,"minecraft:arrow":1,"minecraft:wooden_pickaxe":1},"minecraft:picked_up":{"minecraft:crafting_table":5,"minecraft:feather":6,"minecraft:cooked_beef":7,"minecraft:jungle_log":5,"minecraft:leather":3,"minecraft:acacia_wood":8,"minecraft:flint":1,"minecraft:oak_log":9,"minecraft:dirt":44,"minecraft:red_bed":2,"minecraft:acacia_door":1,"minecraft:cooked_mutton":7,"minecraft:bone":1,"minecraft:acacia_planks":51,"minecraft:apple":1,"minecraft:kelp":1,"minecraft:wheat_seeds":32,"minecraft:beef":3,"minecraft:cooked_chicken":3,"minecraft:oak_boat":1,"minecraft:tall_grass":1,"minecraft:chest":4,"minecraft:furnace":2,"minecraft:stick":2,"minecraft:raw_iron":11,"minecraft:cooked_porkchop":3,"minecraft:torch":2,"minecraft:acacia_log":24,"minecraft:gravel":1,"minecraft:porkchop":2,"minecraft:sand":3,"minecraft:acacia_stairs":45,"minecraft:orange_bed":6,"minecraft:arrow":1,"minecraft:rotten_flesh":2,"minecraft:short_grass":2,"minecraft:hay_block":47,"minecraft:bone_meal":3,"minecraft:oak_sapling":3,"minecraft:coal":16,"minecraft:white_wool":4,"minecraft:cobblestone":20},"minecraft:crafted":{"minecraft:oak_planks":36,"minecraft:crafting_table":2,"minecraft:wooden_pickaxe":1,"minecraft:iron_helmet":1,"minecraft:furnace":1,"minecraft:bone_meal":3,"minecraft:stone_axe":1,"minecraft:bread":144,"minecraft:air":0,"minecraft:jungle_planks":20,"minecraft:flint_and_steel":1,"minecraft:oak_boat":1,"minecraft:iron_chestplate":1,"minecraft:shield":1,"minecraft:iron_axe":1,"minecraft:stick":12,"minecraft:iron_ingot":11,"minecraft:iron_pickaxe":1,"minecraft:stone_pickaxe":1,"minecraft:stone_sword":1,"minecraft:iron_shovel":1,"minecraft:chest":3,"minecraft:iron_leggings":1,"minecraft:acacia_planks":128,"minecraft:wheat":423}},"DataVersion":3955}