{"stats":{"minecraft:killed":{"minecraft:armadillo":1,"minecraft:spider":3,"minecraft:horse":1,"minecraft:skeleton":7,"minecraft:chicken":1,"minecraft:pig":3,"minecraft:creeper":1,"minecraft:sheep":10,"minecraft:zombie":8,"minecraft:donkey":1,"minecraft:cow":10},"minecraft:used":{"minecraft:stone_sword":102,"minecraft:iron_shovel":250,"minecraft:flint_and_steel":19,"minecraft:chest":21,"minecraft:shield":34,"minecraft:iron_sword":47,"minecraft:cooked_chicken":3,"minecraft:orange_bed":6,"minecraft:torch":21,"minecraft:dirt":187,"minecraft:granite":1,"minecraft:obsidian":10,"minecraft:glass":81,"minecraft:jungle_fence_gate":5,"minecraft:iron_axe":244,"minecraft:iron_boots":1,"minecraft:furnace":10,"minecraft:egg":2,"minecraft:cooked_beef":2,"minecraft:acacia_planks":278,"minecraft:cobbled_deepslate":8,"minecraft:cooked_mutton":2,"minecraft:water_bucket":8,"minecraft:stone_pickaxe":33,"minecraft:wooden_pickaxe":16,"minecraft:sugar_cane":9,"minecraft:crafting_table":9,"minecraft:red_bed":2,"minecraft:white_bed":3,"minecraft:diamond_pickaxe":8,"minecraft:acacia_stairs":47,"minecraft:bread":20,"minecraft:iron_pickaxe":192,"minecraft:acacia_fence_gate":12,"minecraft:stone_axe":37,"minecraft:cobblestone":8,"minecraft:cooked_porkchop":2,"minecraft:bucket":9,"minecraft:andesite":1,"minecraft:oak_boat":2},"minecraft:crafted":{"minecraft:oak_planks":36,"minecraft:jungle_fence_gate":2,"minecraft:furnace":3,"minecraft:acacia_fence_gate":11,"minecraft:bone_meal":9,"minecraft:flint_and_steel":1,"minecraft:glass":81,"minecraft:iron_boots":1,"minecraft:iron_axe":2,"minecraft:stone_pickaxe":1,"minecraft:chest":11,"minecraft:wheat":423,"minecraft:cooked_beef":3,"minecraft:crafting_table":3,"minecraft:wooden_pickaxe":1,"minecraft:iron_helmet":1,"minecraft:iron_sword":1,"minecraft:bucket":1,"minecraft:stone_axe":1,"minecraft:bread":153,"minecraft:air":0,"minecraft:jungle_planks":20,"minecraft:oak_boat":1,"minecraft:iron_chestplate":1,"minecraft:diamond_pickaxe":1,"minecraft:shield":1,"minecraft:stick":72,"minecraft:iron_ingot":58,"minecraft:iron_pickaxe":2,"minecraft:stone_sword":1,"minecraft:gold_ingot":38,"minecraft:iron_shovel":1,"minecraft:iron_leggings":1,"minecraft:white_bed":3,"minecraft:acacia_planks":360,"minecraft:torch":16},"minecraft:custom":{"minecraft:mob_kills":46,"minecraft:interact_with_crafting_table":34,"minecraft:leave_game":5,"minecraft:time_since_death":48470,"minecraft:climb_one_cm":16,"minecraft:sprint_one_cm":299473,"minecraft:walk_one_cm":203756,"minecraft:damage_blocked_by_shield":1720,"minecraft:drop":69,"minecraft:talked_to_villager":9,"minecraft:play_time":118643,"minecraft:deaths":1,"minecraft:sneak_time":15126,"minecraft:walk_under_water_one_cm":8239,"minecraft:boat_one_cm":243514,"minecraft:jump":2409,"minecraft:walk_on_water_one_cm":24545,"minecraft:total_world_time":118643,"minecraft:interact_with_furnace":112,"minecraft:time_since_rest":48495,"minecraft:damage_taken":1380,"minecraft:damage_dealt":6316,"minecraft:swim_one_cm":70441,"minecraft:fly_one_cm":487373,"minecraft:open_chest":61,"minecraft:crouch_one_cm":66086,"minecraft:fall_one_cm":65275},"minecraft:picked_up":{"minecraft:iron_chestplate":2,"minecraft:crafting_table":8,"minecraft:shield":2,"minecraft:string":3,"minecraft:red_bed":2,"minecraft:iron_axe":1,"minecraft:acacia_door":1,"minecraft:iron_leggings":2,"minecraft:white_carpet":1,"minecraft:iron_shovel":1,"minecraft:cobbled_deepslate":14,"minecraft:beef":9,"minecraft:acacia_fence_gate":1,"minecraft:oak_boat":2,"minecraft:iron_pickaxe":2,"minecraft:sugar_cane":9,"minecraft:chest":10,"minecraft:egg":2,"minecraft:iron_boots":2,"minecraft:furnace":10,"minecraft:stick":5,"minecraft:raw_iron":49,"minecraft:acacia_log":57,"minecraft:torch":7,"minecraft:porkchop":2,"minecraft:jungle_fence_gate":3,"minecraft:orange_bed":6,"minecraft:arrow":5,"minecraft:rotten_flesh":15,"minecraft:hay_block":47,"minecraft:obsidian":8,"minecraft:mutton":10,"minecraft:cobblestone":63,"minecraft:white_wool":10,"minecraft:feather":6,"minecraft:cooked_beef":7,"minecraft:jungle_log":5,"minecraft:glow_ink_sac":11,"minecraft:water_bucket":1,"minecraft:andesite":1,"minecraft:leather":9,"minecraft:acacia_wood":33,"minecraft:flint":1,"minecraft:oak_log":9,"minecraft:dirt":201,"minecraft:lapis_lazuli":70,"minecraft:cooked_mutton":12,"minecraft:bone":26,"minecraft:acacia_planks":72,"minecraft:apple":23,"minecraft:kelp":1,"minecraft:wheat_seeds":39,"minecraft:raw_gold":38,"minecraft:iron_ingot":13,"minecraft:cooked_chicken":3,"minecraft:tall_grass":1,"minecraft:iron_sword":2,"minecraft:cooked_porkchop":5,"minecraft:gravel":1,"minecraft:sand":98,"minecraft:acacia_stairs":47,"minecraft:diamond":5,"minecraft:short_grass":2,"minecraft:iron_helmet":2,"minecraft:granite":9,"minecraft:bone_meal":3,"minecraft:emerald":5,"minecraft:bread":219,"minecraft:oak_sapling":3,"minecraft:melon_seeds":4,"minecraft:coal":176},"minecraft:mined":{"minecraft:deepslate_diamond_ore":2,"minecraft:obsidian":8,"minecraft:granite":2,"minecraft:acacia_log":59,"minecraft:grass_block":94,"minecraft:jungle_log":5,"minecraft:hay_block":47,"minecraft:tall_seagrass":1,"minecraft:furnace":4,"minecraft:iron_ore":40,"minecraft:fire":14,"minecraft:acacia_wood":33,"minecraft:acacia_stairs":48,"minecraft:andesite":1,"minecraft:dirt_path":69,"minecraft:stone":56,"minecraft:jungle_fence_gate":3,"minecraft:orange_bed":6,"minecraft:glass_pane":3,"minecraft:red_bed":2,"minecraft:melon_stem":1,"minecraft:crafting_table":7,"minecraft:short_grass":171,"minecraft:chest":10,"minecraft:glass":2,"minecraft:tall_grass":5,"minecraft:cobblestone":2,"minecraft:deepslate_gold_ore":3,"minecraft:lapis_ore":5,"minecraft:sugar_cane":6,"minecraft:acacia_fence_gate":2,"minecraft:wheat":7,"minecraft:white_carpet":1,"minecraft:coal_ore":110,"minecraft:oak_log":9,"minecraft:acacia_door":1,"minecraft:gravel":2,"minecraft:sand":100,"minecraft:dirt":37,"minecraft:acacia_planks":68,"minecraft:gold_ore":8,"minecraft:oak_leaves":4,"minecraft:deepslate":8},"minecraft:killed_by":{"minecraft:creeper":1},"minecraft:broken":{"minecraft:iron_shovel":1,"minecraft:stone_sword":1},"minecraft:dropped":{"minecraft:bread":196,"minecraft:iron_ingot":29,"minecraft:iron_sword":1,"minecraft:short_grass":2,"minecraft:wheat_seeds":4,"minecraft:golden_helmet":1,"minecraft:glow_ink_sac":11,"minecraft:diamond":2,"minecraft:feather":6,"minecraft:cobblestone":4,"minecraft:iron_helmet":1,"minecraft:jungle_planks":2,"minecraft:coal":38,"minecraft:stick":7,"minecraft:emerald":5,"minecraft:dirt":5,"minecraft:torch":2,"minecraft:iron_leggings":1,"minecraft:bone_meal":3,"minecraft:sand":3,"minecraft:iron_axe":1,"minecraft:iron_pickaxe":1,"minecraft:acacia_door":1,"minecraft:string":1,"minecraft:acacia_planks":16,"minecraft:bone":23,"minecraft:gravel":1,"minecraft:stone_axe":1,"minecraft:kelp":1,"minecraft:iron_nugget":11,"minecraft:cobbled_deepslate":6,"minecraft:raw_iron":15,"minecraft:tall_grass":1,"minecraft:rotten_flesh":8,"minecraft:white_carpet":1,"minecraft:oak_planks":1,"minecraft:iron_boots":1,"minecraft:leather_chestplate":1,"minecraft:shield":1,"minecraft:iron_chestplate":1,"minecraft:melon_seeds":2,"minecraft:oak_sapling":3,"minecraft:wooden_pickaxe":1,"minecraft:arrow":1,"minecraft:stone_pickaxe":1,"minecraft:raw_gold":38}},"DataVersion":3955}