{"stats":{"minecraft:picked_up":{"squidcraft:bloque_1":1,"framedblocks:framed_slab":1,"minecraft:twisting_vines":5,"ironladders:copper_ladder":8,"framedblocks:framed_slab_edge":1,"framedblocks:framed_stairs":1},"minecraft:used":{"minecraft:deepslate_emerald_ore":2,"squidcraft:bloque_13":18,"minecraft:emerald_ore":1,"minecraft:jack_o_lantern":1,"squidcraft:camara":1,"minecraft:end_stone_bricks":2,"minecraft:iron_ore":5,"minecraft:redstone_ore":1,"framedblocks:framed_slab":1663,"minecraft:polished_andesite":18,"minecraft:ladder":201,"squidcraft:graffiti_2":49,"minecraft:oak_planks":280,"squidcraft:bloque_15":416,"squidcraft:bloque_11":28,"framedblocks:framed_corner_pillar":179,"framedblocks:framed_stairs":1873,"minecraft:polished_basalt":452,"squidcraft:graffiti_3":45,"squidcraft:bloque_10":28,"minecraft:chest":1,"minecraft:stone":20,"squidcraft:bloque_12":20,"squidcraft:bloque_14":360,"minecraft:deepslate_gold_ore":2,"ironladders:iron_ladder":1,"framedblocks:framed_wall":766,"minecraft:debug_stick":428,"ironladders:copper_ladder":9,"minecraft:soul_sand":15,"squidcraft:bola_2":33,"minecraft:twisting_vines":14,"squidcraft:bloque_1":931,"squidcraft:bloque_5":239,"squidcraft:bloque_3":1192,"squidcraft:bloque_7":99,"minecraft:gray_concrete":183,"squidcraft:bloque_9":732,"minecraft:granite":72,"minecraft:deepslate_lapis_ore":4,"minecraft:end_stone":104,"minecraft:polished_diorite":2,"minecraft:shroomlight":1,"squidcraft:bocina":1,"squidcraft:bloque_2":567,"minecraft:light":611,"framedblocks:framed_vertical_stairs":25,"minecraft:honey_block":121,"minecraft:black_concrete":73,"minecraft:coal_ore":21,"framedblocks:framed_half_stairs":12,"ironladders:diamond_ladder":232,"minecraft:spruce_wood":28,"minecraft:deepslate_copper_ore":2,"minecraft:grass_block":15,"squidcraft:bola_1":39,"minecraft:lapis_ore":2,"minecraft:quartz_block":1,"minecraft:copper_ore":1,"framedblocks:framed_slab_edge":219,"framedblocks:framed_panel":749,"framedblocks:framed_ladder":1,"squidcraft:cola":5,"minecraft:smooth_quartz":1,"ironladders:gold_ladder":203,"squidcraft:bloque_6":22,"squidcraft:bola_3":43,"minecraft:glowstone":1,"squidcraft:bloque_8":28,"squidcraft:bloque_4":30,"minecraft:deepslate_coal_ore":6,"squidcraft:graffiti":35},"minecraft:custom":{"minecraft:leave_game":15,"minecraft:time_since_death":1107077,"minecraft:climb_one_cm":62785,"minecraft:time_since_rest":1107077,"minecraft:sprint_one_cm":541260,"minecraft:damage_taken":1010,"minecraft:walk_one_cm":456041,"minecraft:drop":4,"minecraft:fly_one_cm":8703372,"minecraft:open_chest":1,"minecraft:crouch_one_cm":92066,"minecraft:play_time":1107077,"minecraft:sneak_time":75797,"minecraft:jump":5224,"minecraft:total_world_time":1335277,"minecraft:fall_one_cm":51010},"minecraft:dropped":{"squidcraft:bloque_1":1,"framedblocks:framed_stairs":1,"framedblocks:framed_slab_edge":1,"framedblocks:framed_slab":1}},"DataVersion":3337}