{"stats":{"minecraft:broken":{"minecraft:iron_axe":2},"minecraft:killed":{"minecraft:spider":2,"minecraft:skeleton":14,"minecraft:piglin_brute":5,"minecraft:piglin":14,"minecraft:pig":4,"minecraft:iron_golem":4,"minecraft:sheep":8,"minecraft:zombie":28,"minecraft:ghast":1,"minecraft:blaze":1,"minecraft:cow":4,"minecraft:villager":14,"minecraft:enderman":1},"minecraft:dropped":{"minecraft:loom":2,"minecraft:crossbow":24,"minecraft:leather":6,"minecraft:rail":8,"minecraft:emerald":1,"minecraft:cut_sandstone":1,"minecraft:gold_nugget":9,"minecraft:polished_blackstone_bricks":10,"minecraft:gold_ingot":9,"minecraft:bone":2,"minecraft:gravel":8,"minecraft:blackstone":15,"minecraft:ancient_debris":1,"minecraft:lever":1,"minecraft:wheat":38,"minecraft:smooth_sandstone_stairs":2,"minecraft:obsidian":2,"minecraft:rotten_flesh":7,"minecraft:oak_planks":3,"minecraft:poppy":10,"minecraft:basalt":5,"minecraft:arrow":2,"minecraft:quartz":5,"minecraft:netherrack":201,"minecraft:lectern":1,"minecraft:iron_ingot":30,"minecraft:bread":242,"minecraft:wheat_seeds":2,"minecraft:diamond_leggings":2,"minecraft:iron_helmet":9,"minecraft:cobblestone":13,"minecraft:spectral_arrow":12,"minecraft:chainmail_helmet":6,"minecraft:stick":14,"minecraft:iron_leggings":8,"minecraft:iron_axe":3,"minecraft:chainmail_leggings":7,"minecraft:string":15,"minecraft:oak_trapdoor":2,"minecraft:diamond_hoe":3,"minecraft:stone_shovel":12,"minecraft:light_gray_wool":1,"minecraft:iron_boots":1,"minecraft:nether_bricks":3,"minecraft:oak_sign":2,"minecraft:suspicious_stew":2,"minecraft:diamond_sword":1,"minecraft:iron_chestplate":1,"minecraft:spider_eye":2,"minecraft:bow":29,"minecraft:wooden_pickaxe":1,"minecraft:raw_gold":3,"minecraft:bell":12,"minecraft:magma_cream":1},"minecraft:used":{"minecraft:red_sand":2,"minecraft:iron_shovel":212,"minecraft:dispenser":3,"minecraft:chest":19,"minecraft:shield":51,"minecraft:iron_sword":154,"minecraft:bell":1,"minecraft:rotten_flesh":2,"minecraft:iron_chestplate":1,"minecraft:jungle_planks":11,"minecraft:nether_bricks":29,"minecraft:obsidian":57,"minecraft:glass":32,"minecraft:lava_bucket":20,"minecraft:villager_spawn_egg":16,"minecraft:iron_helmet":1,"minecraft:bedrock":2,"minecraft:furnace":8,"minecraft:short_grass":1,"minecraft:diorite":2,"minecraft:powered_rail":4,"minecraft:stone_pickaxe":85,"minecraft:oak_planks":268,"minecraft:wooden_pickaxe":7,"minecraft:composter":6,"minecraft:golden_apple":1,"minecraft:sand":32,"minecraft:blast_furnace":1,"minecraft:shears":2,"minecraft:lever":1,"minecraft:bread":135,"minecraft:string":2,"minecraft:lectern":667,"minecraft:gravel":1,"minecraft:diamond_sword":51,"minecraft:smithing_table":1,"minecraft:oak_boat":1,"minecraft:experience_bottle":64,"minecraft:oak_trapdoor":24,"minecraft:oak_fence":1,"minecraft:netherite_sword":7,"minecraft:enchanting_table":2,"minecraft:flint_and_steel":31,"minecraft:ender_chest":2,"minecraft:stone_hoe":109,"minecraft:netherrack":1062,"minecraft:torch":16,"minecraft:dirt":5,"minecraft:anvil":1,"minecraft:white_carpet":8,"minecraft:hopper":8,"minecraft:granite":1,"minecraft:iron_axe":712,"minecraft:smooth_sandstone":80,"minecraft:iron_boots":1,"minecraft:tripwire_hook":2,"minecraft:soul_soil":6,"minecraft:minecart":7,"minecraft:cobbled_deepslate":19,"minecraft:iron_leggings":1,"minecraft:cooked_mutton":9,"minecraft:water_bucket":76,"minecraft:fletching_table":6,"minecraft:polished_blackstone_bricks":5,"minecraft:rail":33,"minecraft:crafting_table":13,"minecraft:oak_slab":8,"minecraft:lime_bed":9,"minecraft:white_bed":2,"minecraft:diamond_pickaxe":1584,"minecraft:apple":1,"minecraft:oak_button":1,"minecraft:iron_pickaxe":127,"minecraft:stone_axe":59,"minecraft:cobblestone":115,"minecraft:bucket":90,"minecraft:pumpkin_pie":3,"minecraft:splash_potion":1},"minecraft:mined":{"minecraft:white_bed":1,"minecraft:obsidian":6,"minecraft:potted_dead_bush":2,"minecraft:granite":6,"minecraft:red_sand":8,"minecraft:grass_block":1,"minecraft:jungle_log":7,"minecraft:cracked_polished_blackstone_bricks":9,"minecraft:soul_soil":8,"minecraft:nether_wart":8,"minecraft:polished_blackstone_bricks":24,"minecraft:glowstone":2,"minecraft:cobbled_deepslate":2,"minecraft:iron_ore":83,"minecraft:fire":30,"minecraft:enchanting_table":1,"minecraft:smooth_sandstone_stairs":10,"minecraft:green_bed":2,"minecraft:cut_sandstone":21,"minecraft:jungle_door":3,"minecraft:blackstone":7,"minecraft:soul_fire":7,"minecraft:chest":1,"minecraft:dead_bush":8,"minecraft:glass":20,"minecraft:nether_quartz_ore":3,"minecraft:cobblestone":31,"minecraft:cyan_bed":3,"minecraft:sugar_cane":3,"minecraft:oak_planks":27,"minecraft:smooth_sandstone_slab":34,"minecraft:powered_rail":1,"minecraft:oak_log":3,"minecraft:loom":2,"minecraft:sand":164,"minecraft:dirt":4,"minecraft:sandstone_wall":15,"minecraft:dispenser":2,"minecraft:netherrack":1076,"minecraft:deepslate":18,"minecraft:nether_gold_ore":6,"minecraft:deepslate_diamond_ore":1,"minecraft:nether_bricks":33,"minecraft:hay_block":111,"minecraft:oak_trapdoor":2,"minecraft:furnace":6,"minecraft:gold_block":4,"minecraft:bell":1,"minecraft:bookshelf":9,"minecraft:vine":1,"minecraft:rail":15,"minecraft:stone":84,"minecraft:bone_block":11,"minecraft:oak_slab":2,"minecraft:soul_sand":52,"minecraft:basalt":6,"minecraft:smooth_sandstone":171,"minecraft:crafting_table":12,"minecraft:short_grass":13,"minecraft:lime_carpet":1,"minecraft:lectern":595,"minecraft:tall_grass":1,"minecraft:lapis_ore":3,"minecraft:diorite":6,"minecraft:lime_bed":13,"minecraft:cactus":15,"minecraft:white_carpet":3,"minecraft:coal_ore":23,"minecraft:gravel":2,"minecraft:terracotta":16,"minecraft:gold_ore":3},"minecraft:crafted":{"minecraft:oak_planks":12,"minecraft:chainmail_helmet":12,"minecraft:diamond_shovel":1,"minecraft:suspicious_stew":2,"minecraft:glass":32,"minecraft:diamond_helmet":1,"minecraft:diamond_leggings":3,"minecraft:bow":40,"minecraft:iron_boots":1,"minecraft:chest":2,"minecraft:oak_button":1,"minecraft:rail":16,"minecraft:stone_hoe":1,"minecraft:oak_fence":3,"minecraft:oak_slab":6,"minecraft:arrow":384,"minecraft:emerald":195,"minecraft:diamond_axe":1,"minecraft:crafting_table":1,"minecraft:wooden_pickaxe":1,"minecraft:iron_helmet":13,"minecraft:apple":64,"minecraft:iron_chestplate":1,"minecraft:book":1,"minecraft:paper":3,"minecraft:diamond_pickaxe":2,"minecraft:shield":1,"minecraft:stick":32,"minecraft:iron_ingot":60,"minecraft:iron_pickaxe":1,"minecraft:iron_block":2,"minecraft:gold_ingot":18,"minecraft:shears":1,"minecraft:cookie":216,"minecraft:stone_shovel":12,"minecraft:diamond_hoe":3,"minecraft:furnace":2,"minecraft:white_carpet":3,"minecraft:oak_trapdoor":6,"minecraft:flint_and_steel":1,"minecraft:iron_axe":6,"minecraft:stone_pickaxe":1,"minecraft:diamond_boots":1,"minecraft:chainmail_leggings":12,"minecraft:minecart":2,"minecraft:wheat":783,"minecraft:crossbow":24,"minecraft:diamond_sword":1,"minecraft:enchanting_table":1,"minecraft:bell":12,"minecraft:iron_sword":1,"minecraft:bucket":1,"minecraft:stone_axe":1,"minecraft:enchanted_book":13,"minecraft:bread":261,"minecraft:air":0,"minecraft:jungle_planks":28,"minecraft:oak_boat":1,"minecraft:iron_shovel":1,"minecraft:iron_leggings":10,"minecraft:anvil":1,"minecraft:white_bed":1,"minecraft:pumpkin_pie":48,"minecraft:diamond_chestplate":1},"minecraft:picked_up":{"minecraft:iron_chestplate":1,"minecraft:wheat":38,"minecraft:flower_pot":1,"minecraft:diamond_sword":1,"minecraft:golden_sword":1,"minecraft:string":15,"minecraft:soul_soil":9,"minecraft:iron_leggings":1,"minecraft:oak_sign":2,"minecraft:diamond_leggings":1,"minecraft:red_sand":10,"minecraft:gold_nugget":25,"minecraft:cobbled_deepslate":19,"minecraft:iron_boots":1,"minecraft:furnace":6,"minecraft:stick":10,"minecraft:jungle_door":2,"minecraft:torch":7,"minecraft:green_bed":2,"minecraft:sandstone_wall":15,"minecraft:diorite":6,"minecraft:lime_carpet":1,"minecraft:cactus":23,"minecraft:rotten_flesh":13,"minecraft:armadillo_scute":2,"minecraft:obsidian":8,"minecraft:cobblestone":127,"minecraft:enchanting_table":1,"minecraft:cooked_beef":7,"minecraft:magma_cream":1,"minecraft:jungle_log":7,"minecraft:flint":1,"minecraft:smooth_sandstone_stairs":10,"minecraft:lapis_lazuli":19,"minecraft:dirt":5,"minecraft:bone":6,"minecraft:bow":3,"minecraft:wheat_seeds":2,"minecraft:raw_gold":3,"minecraft:bell":13,"minecraft:diamond_helmet":1,"minecraft:glowstone_dust":7,"minecraft:powered_rail":1,"minecraft:oak_planks":26,"minecraft:cooked_porkchop":9,"minecraft:sand":163,"minecraft:loom":2,"minecraft:dead_bush":1,"minecraft:cyan_bed":3,"minecraft:spectral_arrow":12,"minecraft:dispenser":2,"minecraft:diamond":1,"minecraft:cracked_polished_blackstone_bricks":5,"minecraft:crossbow":12,"minecraft:granite":6,"minecraft:emerald":16,"minecraft:bread":104,"minecraft:netherrack":980,"minecraft:crafting_table":12,"minecraft:splash_potion":1,"minecraft:nether_wart":40,"minecraft:gold_block":4,"minecraft:oak_trapdoor":2,"minecraft:iron_axe":3,"minecraft:white_carpet":6,"minecraft:blackstone":15,"minecraft:oak_boat":1,"minecraft:minecart":6,"minecraft:poppy":12,"minecraft:lectern":595,"minecraft:light_gray_wool":1,"minecraft:sugar_cane":11,"minecraft:chest":1,"minecraft:diamond_hoe":3,"minecraft:raw_iron":91,"minecraft:polished_blackstone_bricks":15,"minecraft:smooth_sandstone_slab":31,"minecraft:stone_shovel":12,"minecraft:arrow":7,"minecraft:diamond_chestplate":1,"minecraft:nether_bricks":32,"minecraft:diamond_boots":1,"minecraft:hay_block":109,"minecraft:bone_block":61,"minecraft:white_wool":8,"minecraft:rail":25,"minecraft:lime_bed":13,"minecraft:basalt":5,"minecraft:golden_carrot":33,"minecraft:cut_sandstone":22,"minecraft:leather":11,"minecraft:oak_log":3,"minecraft:ancient_debris":1,"minecraft:cooked_mutton":12,"minecraft:smooth_sandstone":164,"minecraft:apple":1,"minecraft:iron_ingot":43,"minecraft:soul_sand":71,"minecraft:book":27,"minecraft:oak_slab":2,"minecraft:quartz":8,"minecraft:gravel":9,"minecraft:white_bed":1,"minecraft:spider_eye":2,"minecraft:short_grass":1,"minecraft:chainmail_leggings":3,"minecraft:iron_helmet":1,"minecraft:terracotta":15,"minecraft:coal":38},"minecraft:custom":{"minecraft:interact_with_crafting_table":58,"minecraft:leave_game":9,"minecraft:time_since_death":181407,"minecraft:sprint_one_cm":1028251,"minecraft:damage_blocked_by_shield":1999,"minecraft:drop":197,"minecraft:talked_to_villager":1408,"minecraft:play_time":375030,"minecraft:deaths":1,"minecraft:jump":7489,"minecraft:walk_on_water_one_cm":17294,"minecraft:enchant_item":7,"minecraft:interact_with_furnace":93,"minecraft:traded_with_villager":422,"minecraft:sleep_in_bed":15,"minecraft:open_enderchest":22,"minecraft:damage_dealt":23387,"minecraft:crouch_one_cm":77363,"minecraft:inspect_dispenser":1,"minecraft:mob_kills":110,"minecraft:interact_with_anvil":14,"minecraft:climb_one_cm":343,"minecraft:walk_one_cm":641710,"minecraft:sneak_time":25115,"minecraft:walk_under_water_one_cm":13953,"minecraft:total_world_time":375030,"minecraft:time_since_rest":1123,"minecraft:damage_taken":5197,"minecraft:damage_absorbed":35,"minecraft:swim_one_cm":31646,"minecraft:fly_one_cm":1825851,"minecraft:open_chest":165,"minecraft:fall_one_cm":134305}},"DataVersion":3955}