{"stats":{"minecraft:custom":{"minecraft:mob_kills":59,"minecraft:interact_with_crafting_table":45,"minecraft:time_since_death":118593,"minecraft:climb_one_cm":343,"minecraft:sprint_one_cm":342488,"minecraft:walk_one_cm":230764,"minecraft:damage_blocked_by_shield":832,"minecraft:drop":21,"minecraft:talked_to_villager":12,"minecraft:play_time":118593,"minecraft:sneak_time":8710,"minecraft:walk_under_water_one_cm":5088,"minecraft:jump":2715,"minecraft:walk_on_water_one_cm":7465,"minecraft:enchant_item":7,"minecraft:total_world_time":118593,"minecraft:interact_with_furnace":72,"minecraft:sleep_in_bed":4,"minecraft:time_since_rest":29593,"minecraft:damage_taken":1050,"minecraft:damage_dealt":13247,"minecraft:swim_one_cm":24728,"minecraft:fly_one_cm":614539,"minecraft:open_chest":63,"minecraft:crouch_one_cm":22720,"minecraft:fall_one_cm":57280},"minecraft:used":{"minecraft:oak_trapdoor":12,"minecraft:oak_fence":1,"minecraft:enchanting_table":2,"minecraft:iron_shovel":164,"minecraft:flint_and_steel":26,"minecraft:dispenser":3,"minecraft:chest":19,"minecraft:shield":25,"minecraft:iron_sword":108,"minecraft:bell":1,"minecraft:stone_hoe":109,"minecraft:rotten_flesh":2,"minecraft:iron_chestplate":1,"minecraft:dirt":5,"minecraft:white_carpet":4,"minecraft:hopper":8,"minecraft:jungle_planks":11,"minecraft:glass":32,"minecraft:iron_axe":86,"minecraft:smooth_sandstone":3,"minecraft:iron_helmet":1,"minecraft:iron_boots":1,"minecraft:tripwire_hook":2,"minecraft:furnace":8,"minecraft:minecart":7,"minecraft:iron_leggings":1,"minecraft:cooked_mutton":9,"minecraft:short_grass":1,"minecraft:water_bucket":18,"minecraft:diorite":2,"minecraft:powered_rail":4,"minecraft:stone_pickaxe":85,"minecraft:oak_planks":25,"minecraft:wooden_pickaxe":7,"minecraft:rail":29,"minecraft:sand":32,"minecraft:lime_bed":4,"minecraft:oak_slab":8,"minecraft:crafting_table":13,"minecraft:white_bed":2,"minecraft:shears":2,"minecraft:lever":1,"minecraft:diamond_pickaxe":310,"minecraft:apple":1,"minecraft:string":2,"minecraft:oak_button":1,"minecraft:bread":27,"minecraft:iron_pickaxe":127,"minecraft:lectern":4,"minecraft:gravel":1,"minecraft:stone_axe":59,"minecraft:cobblestone":102,"minecraft:bucket":17,"minecraft:oak_boat":1},"minecraft:killed":{"minecraft:skeleton":6,"minecraft:pig":4,"minecraft:iron_golem":4,"minecraft:sheep":8,"minecraft:zombie":23,"minecraft:villager":9,"minecraft:enderman":1,"minecraft:cow":4},"minecraft:mined":{"minecraft:white_bed":1,"minecraft:obsidian":4,"minecraft:potted_dead_bush":2,"minecraft:granite":5,"minecraft:red_sand":8,"minecraft:grass_block":1,"minecraft:jungle_log":7,"minecraft:hay_block":111,"minecraft:oak_trapdoor":2,"minecraft:furnace":6,"minecraft:iron_ore":76,"minecraft:fire":27,"minecraft:enchanting_table":1,"minecraft:bell":1,"minecraft:bookshelf":9,"minecraft:vine":1,"minecraft:rail":11,"minecraft:smooth_sandstone_stairs":10,"minecraft:stone":84,"minecraft:green_bed":2,"minecraft:oak_slab":2,"minecraft:cut_sandstone":21,"minecraft:jungle_door":3,"minecraft:smooth_sandstone":149,"minecraft:crafting_table":12,"minecraft:short_grass":13,"minecraft:chest":1,"minecraft:dead_bush":8,"minecraft:lime_carpet":1,"minecraft:lectern":5,"minecraft:glass":20,"minecraft:tall_grass":1,"minecraft:cobblestone":20,"minecraft:lapis_ore":3,"minecraft:cyan_bed":3,"minecraft:oak_planks":25,"minecraft:sugar_cane":3,"minecraft:diorite":6,"minecraft:smooth_sandstone_slab":34,"minecraft:cactus":15,"minecraft:lime_bed":8,"minecraft:powered_rail":1,"minecraft:white_carpet":2,"minecraft:coal_ore":23,"minecraft:oak_log":2,"minecraft:loom":2,"minecraft:gravel":2,"minecraft:sand":164,"minecraft:dirt":4,"minecraft:sandstone_wall":15,"minecraft:terracotta":16,"minecraft:dispenser":2},"minecraft:dropped":{"minecraft:bread":242,"minecraft:wheat_seeds":2,"minecraft:loom":2,"minecraft:cut_sandstone":1,"minecraft:string":6,"minecraft:smooth_sandstone_stairs":2,"minecraft:rotten_flesh":1,"minecraft:light_gray_wool":1,"minecraft:oak_planks":1,"minecraft:poppy":5,"minecraft:wooden_pickaxe":1},"minecraft:picked_up":{"minecraft:crafting_table":12,"minecraft:flower_pot":1,"minecraft:oak_trapdoor":2,"minecraft:string":6,"minecraft:white_carpet":2,"minecraft:red_sand":8,"minecraft:oak_boat":1,"minecraft:minecart":6,"minecraft:poppy":12,"minecraft:light_gray_wool":1,"minecraft:lectern":5,"minecraft:sugar_cane":11,"minecraft:chest":1,"minecraft:furnace":6,"minecraft:stick":5,"minecraft:raw_iron":84,"minecraft:jungle_door":2,"minecraft:torch":7,"minecraft:green_bed":2,"minecraft:sandstone_wall":15,"minecraft:diorite":6,"minecraft:smooth_sandstone_slab":31,"minecraft:lime_carpet":1,"minecraft:arrow":4,"minecraft:cactus":23,"minecraft:rotten_flesh":7,"minecraft:hay_block":109,"minecraft:armadillo_scute":2,"minecraft:rail":21,"minecraft:obsidian":4,"minecraft:cobblestone":112,"minecraft:white_wool":8,"minecraft:enchanting_table":1,"minecraft:lime_bed":8,"minecraft:cooked_beef":7,"minecraft:jungle_log":7,"minecraft:leather":5,"minecraft:cut_sandstone":22,"minecraft:flint":1,"minecraft:smooth_sandstone_stairs":10,"minecraft:oak_log":2,"minecraft:lapis_lazuli":19,"minecraft:dirt":5,"minecraft:cooked_mutton":12,"minecraft:smooth_sandstone":142,"minecraft:bone":4,"minecraft:apple":1,"minecraft:bow":1,"minecraft:wheat_seeds":2,"minecraft:bell":1,"minecraft:iron_ingot":15,"minecraft:powered_rail":1,"minecraft:oak_planks":24,"minecraft:book":27,"minecraft:oak_slab":2,"minecraft:cooked_porkchop":9,"minecraft:gravel":1,"minecraft:sand":163,"minecraft:loom":2,"minecraft:white_bed":1,"minecraft:dead_bush":1,"minecraft:cyan_bed":3,"minecraft:dispenser":2,"minecraft:short_grass":1,"minecraft:granite":5,"minecraft:bread":104,"minecraft:terracotta":15,"minecraft:coal":38},"minecraft:crafted":{"minecraft:oak_planks":8,"minecraft:furnace":2,"minecraft:white_carpet":3,"minecraft:oak_trapdoor":6,"minecraft:flint_and_steel":1,"minecraft:glass":32,"minecraft:iron_boots":1,"minecraft:iron_axe":1,"minecraft:stone_pickaxe":1,"minecraft:chest":2,"minecraft:oak_button":1,"minecraft:rail":16,"minecraft:stone_hoe":1,"minecraft:oak_fence":3,"minecraft:minecart":1,"minecraft:wheat":783,"minecraft:oak_slab":6,"minecraft:crafting_table":1,"minecraft:enchanting_table":1,"minecraft:wooden_pickaxe":1,"minecraft:iron_helmet":1,"minecraft:iron_sword":1,"minecraft:bucket":1,"minecraft:stone_axe":1,"minecraft:bread":261,"minecraft:air":0,"minecraft:jungle_planks":28,"minecraft:oak_boat":1,"minecraft:iron_chestplate":1,"minecraft:book":1,"minecraft:paper":3,"minecraft:diamond_pickaxe":1,"minecraft:shield":1,"minecraft:stick":24,"minecraft:iron_ingot":48,"minecraft:iron_pickaxe":1,"minecraft:iron_shovel":1,"minecraft:iron_leggings":1,"minecraft:white_bed":1,"minecraft:shears":1}},"DataVersion":3955}