{"stats":{"minecraft:mined":{"minecraft:white_bed":1,"minecraft:deepslate_diamond_ore":1,"minecraft:obsidian":4,"minecraft:potted_dead_bush":2,"minecraft:granite":5,"minecraft:red_sand":8,"minecraft:grass_block":1,"minecraft:jungle_log":7,"minecraft:hay_block":111,"minecraft:oak_trapdoor":2,"minecraft:furnace":6,"minecraft:cobbled_deepslate":2,"minecraft:iron_ore":76,"minecraft:fire":27,"minecraft:enchanting_table":1,"minecraft:bell":1,"minecraft:bookshelf":9,"minecraft:vine":1,"minecraft:rail":11,"minecraft:smooth_sandstone_stairs":10,"minecraft:stone":84,"minecraft:green_bed":2,"minecraft:oak_slab":2,"minecraft:cut_sandstone":21,"minecraft:jungle_door":3,"minecraft:smooth_sandstone":149,"minecraft:crafting_table":12,"minecraft:short_grass":13,"minecraft:chest":1,"minecraft:dead_bush":8,"minecraft:lime_carpet":1,"minecraft:lectern":5,"minecraft:glass":20,"minecraft:tall_grass":1,"minecraft:cobblestone":31,"minecraft:cyan_bed":3,"minecraft:lapis_ore":3,"minecraft:sugar_cane":3,"minecraft:oak_planks":27,"minecraft:diorite":6,"minecraft:smooth_sandstone_slab":34,"minecraft:lime_bed":13,"minecraft:cactus":15,"minecraft:powered_rail":1,"minecraft:white_carpet":3,"minecraft:oak_log":2,"minecraft:coal_ore":23,"minecraft:loom":2,"minecraft:gravel":2,"minecraft:sand":164,"minecraft:dirt":4,"minecraft:sandstone_wall":15,"minecraft:terracotta":16,"minecraft:dispenser":2,"minecraft:gold_ore":3,"minecraft:deepslate":18},"minecraft:killed":{"minecraft:spider":1,"minecraft:skeleton":6,"minecraft:pig":4,"minecraft:iron_golem":4,"minecraft:sheep":8,"minecraft:zombie":27,"minecraft:villager":9,"minecraft:enderman":1,"minecraft:cow":4},"minecraft:dropped":{"minecraft:bread":242,"minecraft:wheat_seeds":2,"minecraft:loom":2,"minecraft:cut_sandstone":1,"minecraft:string":14,"minecraft:smooth_sandstone_stairs":2,"minecraft:rotten_flesh":5,"minecraft:light_gray_wool":1,"minecraft:oak_planks":1,"minecraft:poppy":5,"minecraft:spider_eye":1,"minecraft:wooden_pickaxe":1},"minecraft:crafted":{"minecraft:oak_planks":8,"minecraft:furnace":2,"minecraft:white_carpet":3,"minecraft:oak_trapdoor":6,"minecraft:flint_and_steel":1,"minecraft:glass":32,"minecraft:iron_boots":1,"minecraft:iron_axe":1,"minecraft:stone_pickaxe":1,"minecraft:chest":2,"minecraft:oak_button":1,"minecraft:rail":16,"minecraft:stone_hoe":1,"minecraft:oak_fence":3,"minecraft:minecart":1,"minecraft:wheat":783,"minecraft:oak_slab":6,"minecraft:crafting_table":1,"minecraft:enchanting_table":1,"minecraft:wooden_pickaxe":1,"minecraft:iron_helmet":1,"minecraft:iron_sword":1,"minecraft:bucket":1,"minecraft:stone_axe":1,"minecraft:bread":261,"minecraft:air":0,"minecraft:jungle_planks":28,"minecraft:oak_boat":1,"minecraft:iron_chestplate":1,"minecraft:book":1,"minecraft:paper":3,"minecraft:diamond_pickaxe":1,"minecraft:shield":1,"minecraft:stick":24,"minecraft:iron_ingot":48,"minecraft:iron_pickaxe":1,"minecraft:iron_shovel":1,"minecraft:iron_leggings":1,"minecraft:white_bed":1,"minecraft:shears":1},"minecraft:used":{"minecraft:oak_fence":1,"minecraft:oak_trapdoor":12,"minecraft:enchanting_table":2,"minecraft:red_sand":2,"minecraft:iron_shovel":164,"minecraft:flint_and_steel":27,"minecraft:dispenser":3,"minecraft:chest":19,"minecraft:shield":38,"minecraft:iron_sword":108,"minecraft:bell":1,"minecraft:stone_hoe":109,"minecraft:rotten_flesh":2,"minecraft:iron_chestplate":1,"minecraft:dirt":5,"minecraft:white_carpet":8,"minecraft:hopper":8,"minecraft:jungle_planks":11,"minecraft:glass":32,"minecraft:lava_bucket":6,"minecraft:iron_axe":107,"minecraft:smooth_sandstone":3,"minecraft:iron_helmet":1,"minecraft:iron_boots":1,"minecraft:tripwire_hook":2,"minecraft:furnace":8,"minecraft:minecart":7,"minecraft:cobbled_deepslate":10,"minecraft:iron_leggings":1,"minecraft:cooked_mutton":9,"minecraft:short_grass":1,"minecraft:water_bucket":29,"minecraft:diorite":2,"minecraft:stone_pickaxe":85,"minecraft:powered_rail":4,"minecraft:oak_planks":27,"minecraft:wooden_pickaxe":7,"minecraft:oak_slab":8,"minecraft:sand":32,"minecraft:rail":29,"minecraft:lime_bed":9,"minecraft:crafting_table":13,"minecraft:white_bed":2,"minecraft:shears":2,"minecraft:lever":1,"minecraft:diamond_pickaxe":345,"minecraft:apple":1,"minecraft:iron_pickaxe":127,"minecraft:string":2,"minecraft:bread":40,"minecraft:oak_button":1,"minecraft:lectern":4,"minecraft:gravel":1,"minecraft:stone_axe":59,"minecraft:cobblestone":113,"minecraft:bucket":34,"minecraft:oak_boat":1},"minecraft:picked_up":{"minecraft:crafting_table":12,"minecraft:flower_pot":1,"minecraft:string":14,"minecraft:oak_trapdoor":2,"minecraft:white_carpet":6,"minecraft:red_sand":10,"minecraft:cobbled_deepslate":19,"minecraft:oak_boat":1,"minecraft:poppy":12,"minecraft:minecart":6,"minecraft:light_gray_wool":1,"minecraft:lectern":5,"minecraft:sugar_cane":11,"minecraft:chest":1,"minecraft:furnace":6,"minecraft:stick":5,"minecraft:raw_iron":84,"minecraft:jungle_door":2,"minecraft:torch":7,"minecraft:green_bed":2,"minecraft:sandstone_wall":15,"minecraft:diorite":6,"minecraft:smooth_sandstone_slab":31,"minecraft:lime_carpet":1,"minecraft:arrow":4,"minecraft:cactus":23,"minecraft:rotten_flesh":11,"minecraft:hay_block":109,"minecraft:armadillo_scute":2,"minecraft:obsidian":4,"minecraft:cobblestone":125,"minecraft:rail":21,"minecraft:white_wool":8,"minecraft:enchanting_table":1,"minecraft:lime_bed":13,"minecraft:cooked_beef":7,"minecraft:jungle_log":7,"minecraft:cut_sandstone":22,"minecraft:leather":5,"minecraft:flint":1,"minecraft:smooth_sandstone_stairs":10,"minecraft:oak_log":2,"minecraft:lapis_lazuli":19,"minecraft:dirt":5,"minecraft:cooked_mutton":12,"minecraft:smooth_sandstone":142,"minecraft:bone":4,"minecraft:apple":1,"minecraft:bow":1,"minecraft:wheat_seeds":2,"minecraft:raw_gold":3,"minecraft:bell":1,"minecraft:iron_ingot":15,"minecraft:powered_rail":1,"minecraft:oak_planks":26,"minecraft:book":27,"minecraft:oak_slab":2,"minecraft:cooked_porkchop":9,"minecraft:gravel":1,"minecraft:sand":163,"minecraft:white_bed":1,"minecraft:dead_bush":1,"minecraft:loom":2,"minecraft:cyan_bed":3,"minecraft:spider_eye":1,"minecraft:dispenser":2,"minecraft:diamond":1,"minecraft:short_grass":1,"minecraft:granite":5,"minecraft:bread":104,"minecraft:terracotta":15,"minecraft:coal":38},"minecraft:custom":{"minecraft:mob_kills":65,"minecraft:interact_with_crafting_table":45,"minecraft:leave_game":3,"minecraft:time_since_death":135841,"minecraft:climb_one_cm":343,"minecraft:sprint_one_cm":409716,"minecraft:walk_one_cm":251372,"minecraft:damage_blocked_by_shield":1214,"minecraft:drop":34,"minecraft:talked_to_villager":12,"minecraft:play_time":135841,"minecraft:sneak_time":9806,"minecraft:walk_under_water_one_cm":5887,"minecraft:jump":3240,"minecraft:walk_on_water_one_cm":9598,"minecraft:enchant_item":7,"minecraft:total_world_time":135841,"minecraft:interact_with_furnace":72,"minecraft:sleep_in_bed":4,"minecraft:time_since_rest":46841,"minecraft:damage_taken":1473,"minecraft:damage_dealt":14717,"minecraft:swim_one_cm":31646,"minecraft:fly_one_cm":745071,"minecraft:open_chest":86,"minecraft:crouch_one_cm":25992,"minecraft:fall_one_cm":76698}},"DataVersion":3955}