{"stats":{"minecraft:custom":{"minecraft:interact_with_furnace":39,"minecraft:mob_kills":19,"minecraft:interact_with_crafting_table":25,"minecraft:time_since_death":34593,"minecraft:climb_one_cm":28,"minecraft:time_since_rest":34593,"minecraft:sprint_one_cm":99137,"minecraft:damage_taken":645,"minecraft:walk_one_cm":49611,"minecraft:damage_blocked_by_shield":224,"minecraft:drop":5,"minecraft:damage_dealt":3965,"minecraft:swim_one_cm":3755,"minecraft:fly_one_cm":121328,"minecraft:crouch_one_cm":7742,"minecraft:play_time":34593,"minecraft:sneak_time":2702,"minecraft:walk_under_water_one_cm":2720,"minecraft:jump":749,"minecraft:walk_on_water_one_cm":3432,"minecraft:total_world_time":34593,"minecraft:fall_one_cm":18456},"minecraft:used":{"minecraft:cooked_mutton":3,"minecraft:water_bucket":8,"minecraft:diorite":2,"minecraft:stone_pickaxe":85,"minecraft:wooden_pickaxe":7,"minecraft:shield":7,"minecraft:dirt":5,"minecraft:crafting_table":8,"minecraft:jungle_planks":11,"minecraft:apple":1,"minecraft:bread":11,"minecraft:iron_pickaxe":80,"minecraft:iron_helmet":1,"minecraft:iron_boots":1,"minecraft:gravel":1,"minecraft:stone_axe":46,"minecraft:cobblestone":55,"minecraft:furnace":4,"minecraft:bucket":9,"minecraft:iron_leggings":1},"minecraft:killed":{"minecraft:skeleton":5,"minecraft:zombie":14},"minecraft:mined":{"minecraft:crafting_table":8,"minecraft:granite":5,"minecraft:short_grass":2,"minecraft:grass_block":1,"minecraft:jungle_log":7,"minecraft:cobblestone":1,"minecraft:lapis_ore":3,"minecraft:diorite":6,"minecraft:furnace":4,"minecraft:iron_ore":56,"minecraft:coal_ore":9,"minecraft:vine":1,"minecraft:gravel":2,"minecraft:dirt":4,"minecraft:stone":81},"minecraft:dropped":{"minecraft:wheat_seeds":2,"minecraft:rotten_flesh":1,"minecraft:wooden_pickaxe":1,"minecraft:string":1},"minecraft:picked_up":{"minecraft:crafting_table":8,"minecraft:jungle_log":7,"minecraft:flint":1,"minecraft:string":1,"minecraft:lapis_lazuli":19,"minecraft:dirt":5,"minecraft:bone":4,"minecraft:apple":1,"minecraft:bow":1,"minecraft:wheat_seeds":2,"minecraft:furnace":4,"minecraft:raw_iron":56,"minecraft:gravel":1,"minecraft:diorite":6,"minecraft:arrow":2,"minecraft:rotten_flesh":7,"minecraft:granite":5,"minecraft:coal":24,"minecraft:cobblestone":88},"minecraft:crafted":{"minecraft:crafting_table":1,"minecraft:wooden_pickaxe":1,"minecraft:iron_helmet":1,"minecraft:furnace":2,"minecraft:bucket":1,"minecraft:stone_axe":1,"minecraft:air":0,"minecraft:jungle_planks":28,"minecraft:flint_and_steel":1,"minecraft:oak_boat":1,"minecraft:iron_boots":1,"minecraft:shield":1,"minecraft:stick":8,"minecraft:iron_ingot":30,"minecraft:iron_pickaxe":1,"minecraft:stone_pickaxe":1,"minecraft:iron_leggings":1}},"DataVersion":3955}