{"stats":{"minecraft:custom":{"minecraft:mob_kills":47,"minecraft:interact_with_crafting_table":40,"minecraft:time_since_death":70593,"minecraft:climb_one_cm":28,"minecraft:sprint_one_cm":247843,"minecraft:walk_one_cm":116067,"minecraft:damage_blocked_by_shield":636,"minecraft:drop":9,"minecraft:talked_to_villager":1,"minecraft:play_time":70593,"minecraft:sneak_time":3552,"minecraft:walk_under_water_one_cm":5088,"minecraft:jump":2038,"minecraft:walk_on_water_one_cm":6998,"minecraft:enchant_item":7,"minecraft:total_world_time":70593,"minecraft:interact_with_furnace":62,"minecraft:sleep_in_bed":2,"minecraft:time_since_rest":7288,"minecraft:damage_taken":887,"minecraft:damage_dealt":8317,"minecraft:swim_one_cm":24728,"minecraft:fly_one_cm":477212,"minecraft:open_chest":7,"minecraft:crouch_one_cm":9949,"minecraft:fall_one_cm":47561},"minecraft:used":{"minecraft:enchanting_table":2,"minecraft:iron_shovel":32,"minecraft:flint_and_steel":26,"minecraft:chest":2,"minecraft:shield":23,"minecraft:iron_sword":49,"minecraft:stone_hoe":88,"minecraft:rotten_flesh":2,"minecraft:iron_chestplate":1,"minecraft:dirt":5,"minecraft:jungle_planks":11,"minecraft:iron_axe":41,"minecraft:iron_helmet":1,"minecraft:iron_boots":1,"minecraft:furnace":8,"minecraft:iron_leggings":1,"minecraft:cooked_mutton":9,"minecraft:short_grass":1,"minecraft:water_bucket":14,"minecraft:diorite":2,"minecraft:stone_pickaxe":85,"minecraft:wooden_pickaxe":7,"minecraft:crafting_table":13,"minecraft:white_bed":2,"minecraft:shears":1,"minecraft:diamond_pickaxe":116,"minecraft:apple":1,"minecraft:bread":18,"minecraft:iron_pickaxe":121,"minecraft:gravel":1,"minecraft:stone_axe":59,"minecraft:cobblestone":61,"minecraft:bucket":15,"minecraft:oak_boat":1},"minecraft:killed":{"minecraft:skeleton":6,"minecraft:pig":4,"minecraft:iron_golem":1,"minecraft:sheep":8,"minecraft:zombie":23,"minecraft:enderman":1,"minecraft:cow":4},"minecraft:mined":{"minecraft:white_bed":1,"minecraft:obsidian":4,"minecraft:potted_dead_bush":2,"minecraft:granite":5,"minecraft:grass_block":1,"minecraft:jungle_log":7,"minecraft:hay_block":90,"minecraft:furnace":6,"minecraft:iron_ore":76,"minecraft:fire":27,"minecraft:enchanting_table":1,"minecraft:bell":1,"minecraft:bookshelf":9,"minecraft:vine":1,"minecraft:smooth_sandstone_stairs":2,"minecraft:stone":84,"minecraft:green_bed":1,"minecraft:cut_sandstone":7,"minecraft:smooth_sandstone":64,"minecraft:crafting_table":12,"minecraft:short_grass":13,"minecraft:dead_bush":5,"minecraft:lectern":1,"minecraft:tall_grass":1,"minecraft:cobblestone":5,"minecraft:lapis_ore":3,"minecraft:cyan_bed":2,"minecraft:sugar_cane":3,"minecraft:diorite":6,"minecraft:smooth_sandstone_slab":2,"minecraft:cactus":8,"minecraft:lime_bed":7,"minecraft:coal_ore":23,"minecraft:oak_log":2,"minecraft:gravel":2,"minecraft:sand":36,"minecraft:dirt":4,"minecraft:sandstone_wall":15,"minecraft:terracotta":7},"minecraft:dropped":{"minecraft:wheat_seeds":2,"minecraft:cut_sandstone":1,"minecraft:string":1,"minecraft:smooth_sandstone_stairs":2,"minecraft:rotten_flesh":1,"minecraft:light_gray_wool":1,"minecraft:oak_planks":1,"minecraft:wooden_pickaxe":1},"minecraft:picked_up":{"minecraft:crafting_table":12,"minecraft:flower_pot":1,"minecraft:string":1,"minecraft:oak_boat":1,"minecraft:poppy":2,"minecraft:light_gray_wool":1,"minecraft:lectern":1,"minecraft:sugar_cane":11,"minecraft:furnace":6,"minecraft:raw_iron":84,"minecraft:torch":6,"minecraft:green_bed":1,"minecraft:sandstone_wall":14,"minecraft:diorite":6,"minecraft:smooth_sandstone_slab":2,"minecraft:arrow":4,"minecraft:cactus":9,"minecraft:rotten_flesh":7,"minecraft:hay_block":89,"minecraft:armadillo_scute":2,"minecraft:obsidian":4,"minecraft:cobblestone":97,"minecraft:white_wool":8,"minecraft:enchanting_table":1,"minecraft:lime_bed":7,"minecraft:cooked_beef":7,"minecraft:jungle_log":7,"minecraft:leather":5,"minecraft:cut_sandstone":8,"minecraft:flint":1,"minecraft:smooth_sandstone_stairs":4,"minecraft:oak_log":2,"minecraft:lapis_lazuli":19,"minecraft:dirt":5,"minecraft:cooked_mutton":12,"minecraft:smooth_sandstone":61,"minecraft:bone":4,"minecraft:apple":1,"minecraft:bow":1,"minecraft:wheat_seeds":2,"minecraft:bell":1,"minecraft:iron_ingot":3,"minecraft:book":27,"minecraft:cooked_porkchop":9,"minecraft:gravel":1,"minecraft:sand":35,"minecraft:white_bed":1,"minecraft:dead_bush":1,"minecraft:cyan_bed":2,"minecraft:short_grass":1,"minecraft:granite":5,"minecraft:terracotta":7,"minecraft:coal":38},"minecraft:crafted":{"minecraft:oak_planks":8,"minecraft:furnace":2,"minecraft:flint_and_steel":1,"minecraft:iron_boots":1,"minecraft:iron_axe":1,"minecraft:stone_pickaxe":1,"minecraft:chest":2,"minecraft:stone_hoe":1,"minecraft:wheat":783,"minecraft:crafting_table":1,"minecraft:enchanting_table":1,"minecraft:wooden_pickaxe":1,"minecraft:iron_helmet":1,"minecraft:iron_sword":1,"minecraft:bucket":1,"minecraft:stone_axe":1,"minecraft:bread":261,"minecraft:air":0,"minecraft:jungle_planks":28,"minecraft:oak_boat":1,"minecraft:iron_chestplate":1,"minecraft:book":1,"minecraft:paper":3,"minecraft:diamond_pickaxe":1,"minecraft:shield":1,"minecraft:stick":20,"minecraft:iron_ingot":48,"minecraft:iron_pickaxe":1,"minecraft:iron_shovel":1,"minecraft:iron_leggings":1,"minecraft:white_bed":1,"minecraft:shears":1}},"DataVersion":3955}