{"stats":{"minecraft:custom":{"minecraft:time_since_rest":22593,"minecraft:interact_with_furnace":23,"minecraft:sprint_one_cm":56619,"minecraft:damage_taken":338,"minecraft:walk_one_cm":23498,"minecraft:damage_blocked_by_shield":30,"minecraft:mob_kills":2,"minecraft:drop":4,"minecraft:damage_dealt":538,"minecraft:fly_one_cm":70198,"minecraft:interact_with_crafting_table":18,"minecraft:swim_one_cm":3586,"minecraft:crouch_one_cm":5781,"minecraft:play_time":22593,"minecraft:walk_under_water_one_cm":136,"minecraft:sneak_time":2005,"minecraft:jump":365,"minecraft:walk_on_water_one_cm":1615,"minecraft:time_since_death":22593,"minecraft:total_world_time":22593,"minecraft:climb_one_cm":28,"minecraft:fall_one_cm":11247},"minecraft:used":{"minecraft:cooked_mutton":3,"minecraft:apple":1,"minecraft:bread":4,"minecraft:stone_pickaxe":77,"minecraft:iron_helmet":1,"minecraft:shield":1,"minecraft:wooden_pickaxe":7,"minecraft:iron_boots":1,"minecraft:gravel":1,"minecraft:stone_axe":8,"minecraft:cobblestone":25,"minecraft:dirt":5,"minecraft:crafting_table":6,"minecraft:furnace":2,"minecraft:jungle_planks":11,"minecraft:bucket":1},"minecraft:killed":{"minecraft:skeleton":1,"minecraft:zombie":1},"minecraft:mined":{"minecraft:furnace":2,"minecraft:iron_ore":23,"minecraft:crafting_table":5,"minecraft:granite":2,"minecraft:short_grass":2,"minecraft:grass_block":1,"minecraft:coal_ore":8,"minecraft:vine":1,"minecraft:jungle_log":7,"minecraft:gravel":2,"minecraft:dirt":4,"minecraft:stone":42},"minecraft:dropped":{"minecraft:wheat_seeds":2,"minecraft:wooden_pickaxe":1,"minecraft:string":1},"minecraft:picked_up":{"minecraft:raw_iron":23,"minecraft:crafting_table":5,"minecraft:jungle_log":7,"minecraft:gravel":1,"minecraft:flint":1,"minecraft:dirt":5,"minecraft:string":1,"minecraft:bone":1,"minecraft:apple":1,"minecraft:bow":1,"minecraft:wheat_seeds":2,"minecraft:granite":2,"minecraft:coal":17,"minecraft:furnace":2,"minecraft:cobblestone":42},"minecraft:crafted":{"minecraft:iron_boots":1,"minecraft:shield":1,"minecraft:crafting_table":1,"minecraft:iron_helmet":1,"minecraft:stick":8,"minecraft:iron_ingot":19,"minecraft:wooden_pickaxe":1,"minecraft:stone_pickaxe":1,"minecraft:furnace":1,"minecraft:bucket":1,"minecraft:stone_axe":1,"minecraft:air":0,"minecraft:jungle_planks":28,"minecraft:flint_and_steel":1}},"DataVersion":3955}