{"stats":{"minecraft:custom":{"minecraft:interact_with_furnace":62,"minecraft:mob_kills":46,"minecraft:interact_with_crafting_table":34,"minecraft:time_since_death":58593,"minecraft:sleep_in_bed":1,"minecraft:climb_one_cm":28,"minecraft:time_since_rest":8255,"minecraft:sprint_one_cm":195458,"minecraft:damage_taken":879,"minecraft:walk_one_cm":81433,"minecraft:damage_blocked_by_shield":636,"minecraft:drop":7,"minecraft:damage_dealt":7317,"minecraft:swim_one_cm":20774,"minecraft:fly_one_cm":367424,"minecraft:crouch_one_cm":9094,"minecraft:play_time":58593,"minecraft:sneak_time":3228,"minecraft:walk_under_water_one_cm":5045,"minecraft:jump":1674,"minecraft:walk_on_water_one_cm":6710,"minecraft:enchant_item":7,"minecraft:total_world_time":58593,"minecraft:fall_one_cm":39108},"minecraft:used":{"minecraft:short_grass":1,"minecraft:cooked_mutton":8,"minecraft:water_bucket":14,"minecraft:diorite":2,"minecraft:enchanting_table":1,"minecraft:flint_and_steel":26,"minecraft:stone_pickaxe":85,"minecraft:wooden_pickaxe":7,"minecraft:shield":23,"minecraft:iron_sword":39,"minecraft:rotten_flesh":2,"minecraft:iron_chestplate":1,"minecraft:dirt":5,"minecraft:crafting_table":11,"minecraft:jungle_planks":11,"minecraft:white_bed":1,"minecraft:shears":1,"minecraft:diamond_pickaxe":6,"minecraft:apple":1,"minecraft:iron_axe":16,"minecraft:bread":16,"minecraft:iron_pickaxe":119,"minecraft:iron_helmet":1,"minecraft:iron_boots":1,"minecraft:gravel":1,"minecraft:stone_axe":59,"minecraft:cobblestone":58,"minecraft:furnace":6,"minecraft:bucket":15,"minecraft:oak_boat":1,"minecraft:iron_leggings":1},"minecraft:killed":{"minecraft:pig":4,"minecraft:sheep":8,"minecraft:skeleton":6,"minecraft:zombie":23,"minecraft:cow":4,"minecraft:enderman":1},"minecraft:mined":{"minecraft:white_bed":1,"minecraft:obsidian":4,"minecraft:crafting_table":11,"minecraft:granite":5,"minecraft:short_grass":13,"minecraft:grass_block":1,"minecraft:jungle_log":7,"minecraft:tall_grass":1,"minecraft:cobblestone":2,"minecraft:lapis_ore":3,"minecraft:sugar_cane":3,"minecraft:diorite":6,"minecraft:furnace":6,"minecraft:iron_ore":76,"minecraft:fire":27,"minecraft:enchanting_table":1,"minecraft:oak_log":2,"minecraft:coal_ore":23,"minecraft:vine":1,"minecraft:gravel":2,"minecraft:dirt":4,"minecraft:stone":84},"minecraft:dropped":{"minecraft:wheat_seeds":2,"minecraft:rotten_flesh":1,"minecraft:light_gray_wool":1,"minecraft:oak_planks":1,"minecraft:wooden_pickaxe":1,"minecraft:string":1},"minecraft:picked_up":{"minecraft:enchanting_table":1,"minecraft:crafting_table":11,"minecraft:cooked_beef":7,"minecraft:jungle_log":7,"minecraft:leather":5,"minecraft:flint":1,"minecraft:oak_log":2,"minecraft:string":1,"minecraft:lapis_lazuli":19,"minecraft:dirt":5,"minecraft:cooked_mutton":12,"minecraft:bone":4,"minecraft:apple":1,"minecraft:bow":1,"minecraft:wheat_seeds":2,"minecraft:oak_boat":1,"minecraft:light_gray_wool":1,"minecraft:sugar_cane":11,"minecraft:furnace":6,"minecraft:raw_iron":84,"minecraft:cooked_porkchop":9,"minecraft:gravel":1,"minecraft:diorite":6,"minecraft:white_bed":1,"minecraft:arrow":4,"minecraft:rotten_flesh":7,"minecraft:short_grass":1,"minecraft:armadillo_scute":2,"minecraft:granite":5,"minecraft:obsidian":4,"minecraft:coal":38,"minecraft:white_wool":8,"minecraft:cobblestone":94},"minecraft:crafted":{"minecraft:oak_planks":8,"minecraft:crafting_table":1,"minecraft:enchanting_table":1,"minecraft:wooden_pickaxe":1,"minecraft:iron_helmet":1,"minecraft:iron_sword":1,"minecraft:furnace":2,"minecraft:bucket":1,"minecraft:stone_axe":1,"minecraft:air":0,"minecraft:jungle_planks":28,"minecraft:flint_and_steel":1,"minecraft:oak_boat":1,"minecraft:book":1,"minecraft:paper":3,"minecraft:iron_chestplate":1,"minecraft:iron_boots":1,"minecraft:diamond_pickaxe":1,"minecraft:shield":1,"minecraft:iron_axe":1,"minecraft:stick":16,"minecraft:iron_ingot":48,"minecraft:iron_pickaxe":1,"minecraft:stone_pickaxe":1,"minecraft:iron_leggings":1,"minecraft:white_bed":1,"minecraft:shears":1}},"DataVersion":3955}