{"stats":{"minecraft:killed":{"minecraft:spider":2,"minecraft:skeleton":13,"minecraft:piglin_brute":1,"minecraft:piglin":5,"minecraft:pig":4,"minecraft:iron_golem":4,"minecraft:sheep":8,"minecraft:zombie":28,"minecraft:ghast":1,"minecraft:villager":12,"minecraft:blaze":1,"minecraft:enderman":1,"minecraft:cow":4},"minecraft:crafted":{"minecraft:oak_planks":8,"minecraft:chainmail_helmet":12,"minecraft:stone_shovel":12,"minecraft:diamond_hoe":3,"minecraft:furnace":2,"minecraft:diamond_shovel":1,"minecraft:white_carpet":3,"minecraft:flint_and_steel":1,"minecraft:oak_trapdoor":6,"minecraft:glass":32,"minecraft:diamond_helmet":1,"minecraft:bow":40,"minecraft:diamond_leggings":3,"minecraft:iron_boots":1,"minecraft:iron_axe":5,"minecraft:stone_pickaxe":1,"minecraft:chest":2,"minecraft:diamond_boots":1,"minecraft:oak_button":1,"minecraft:rail":16,"minecraft:stone_hoe":1,"minecraft:oak_fence":3,"minecraft:chainmail_leggings":12,"minecraft:wheat":783,"minecraft:minecart":1,"minecraft:oak_slab":6,"minecraft:crossbow":24,"minecraft:arrow":384,"minecraft:emerald":120,"minecraft:diamond_axe":1,"minecraft:crafting_table":1,"minecraft:enchanting_table":1,"minecraft:wooden_pickaxe":1,"minecraft:iron_helmet":13,"minecraft:iron_sword":1,"minecraft:bell":12,"minecraft:bucket":1,"minecraft:stone_axe":1,"minecraft:enchanted_book":4,"minecraft:bread":261,"minecraft:air":0,"minecraft:jungle_planks":28,"minecraft:oak_boat":1,"minecraft:book":1,"minecraft:iron_chestplate":1,"minecraft:paper":3,"minecraft:diamond_pickaxe":2,"minecraft:shield":1,"minecraft:stick":28,"minecraft:iron_ingot":48,"minecraft:iron_pickaxe":1,"minecraft:iron_block":2,"minecraft:iron_shovel":1,"minecraft:iron_leggings":10,"minecraft:white_bed":1,"minecraft:shears":1,"minecraft:diamond_chestplate":1},"minecraft:used":{"minecraft:oak_fence":1,"minecraft:oak_trapdoor":19,"minecraft:enchanting_table":2,"minecraft:netherite_sword":7,"minecraft:red_sand":2,"minecraft:iron_shovel":212,"minecraft:flint_and_steel":29,"minecraft:dispenser":3,"minecraft:chest":19,"minecraft:shield":48,"minecraft:ender_chest":2,"minecraft:iron_sword":154,"minecraft:bell":1,"minecraft:rotten_flesh":2,"minecraft:stone_hoe":109,"minecraft:netherrack":415,"minecraft:iron_chestplate":1,"minecraft:torch":16,"minecraft:dirt":5,"minecraft:white_carpet":8,"minecraft:hopper":8,"minecraft:jungle_planks":11,"minecraft:nether_bricks":29,"minecraft:granite":1,"minecraft:obsidian":30,"minecraft:glass":32,"minecraft:lava_bucket":14,"minecraft:villager_spawn_egg":10,"minecraft:iron_axe":440,"minecraft:smooth_sandstone":42,"minecraft:iron_helmet":1,"minecraft:iron_boots":1,"minecraft:bedrock":2,"minecraft:tripwire_hook":2,"minecraft:soul_soil":6,"minecraft:furnace":8,"minecraft:minecart":7,"minecraft:cobbled_deepslate":19,"minecraft:iron_leggings":1,"minecraft:short_grass":1,"minecraft:cooked_mutton":9,"minecraft:water_bucket":67,"minecraft:diorite":2,"minecraft:stone_pickaxe":85,"minecraft:powered_rail":4,"minecraft:oak_planks":268,"minecraft:wooden_pickaxe":7,"minecraft:fletching_table":6,"minecraft:polished_blackstone_bricks":5,"minecraft:lime_bed":9,"minecraft:sand":32,"minecraft:rail":29,"minecraft:oak_slab":8,"minecraft:crafting_table":13,"minecraft:blast_furnace":1,"minecraft:white_bed":2,"minecraft:shears":2,"minecraft:lever":1,"minecraft:diamond_pickaxe":574,"minecraft:apple":1,"minecraft:bread":81,"minecraft:oak_button":1,"minecraft:string":2,"minecraft:iron_pickaxe":127,"minecraft:lectern":366,"minecraft:gravel":1,"minecraft:stone_axe":59,"minecraft:cobblestone":115,"minecraft:smithing_table":1,"minecraft:bucket":77,"minecraft:oak_boat":1},"minecraft:custom":{"minecraft:mob_kills":90,"minecraft:interact_with_crafting_table":50,"minecraft:leave_game":8,"minecraft:time_since_death":94993,"minecraft:climb_one_cm":343,"minecraft:sprint_one_cm":840594,"minecraft:walk_one_cm":479135,"minecraft:damage_blocked_by_shield":1639,"minecraft:drop":178,"minecraft:talked_to_villager":765,"minecraft:play_time":288616,"minecraft:deaths":1,"minecraft:sneak_time":16374,"minecraft:walk_under_water_one_cm":13953,"minecraft:jump":6265,"minecraft:walk_on_water_one_cm":16078,"minecraft:enchant_item":7,"minecraft:total_world_time":288616,"minecraft:interact_with_furnace":77,"minecraft:traded_with_villager":296,"minecraft:sleep_in_bed":11,"minecraft:time_since_rest":4148,"minecraft:open_enderchest":19,"minecraft:damage_taken":2712,"minecraft:damage_dealt":19281,"minecraft:swim_one_cm":31646,"minecraft:fly_one_cm":1591731,"minecraft:open_chest":137,"minecraft:crouch_one_cm":45292,"minecraft:fall_one_cm":108260},"minecraft:picked_up":{"minecraft:crafting_table":12,"minecraft:iron_chestplate":1,"minecraft:splash_potion":1,"minecraft:nether_wart":40,"minecraft:flower_pot":1,"minecraft:gold_block":3,"minecraft:golden_sword":1,"minecraft:oak_trapdoor":2,"minecraft:string":15,"minecraft:soul_soil":6,"minecraft:iron_axe":3,"minecraft:iron_leggings":1,"minecraft:white_carpet":6,"minecraft:blackstone":8,"minecraft:red_sand":10,"minecraft:gold_nugget":9,"minecraft:cobbled_deepslate":19,"minecraft:oak_boat":1,"minecraft:poppy":12,"minecraft:lectern":326,"minecraft:light_gray_wool":1,"minecraft:minecart":6,"minecraft:sugar_cane":11,"minecraft:chest":1,"minecraft:diamond_hoe":3,"minecraft:iron_boots":1,"minecraft:furnace":6,"minecraft:stick":5,"minecraft:raw_iron":91,"minecraft:jungle_door":2,"minecraft:torch":7,"minecraft:green_bed":2,"minecraft:sandstone_wall":15,"minecraft:polished_blackstone_bricks":5,"minecraft:diorite":6,"minecraft:smooth_sandstone_slab":31,"minecraft:cactus":23,"minecraft:lime_carpet":1,"minecraft:arrow":6,"minecraft:rotten_flesh":13,"minecraft:stone_shovel":12,"minecraft:nether_bricks":30,"minecraft:hay_block":109,"minecraft:armadillo_scute":2,"minecraft:obsidian":6,"minecraft:rail":21,"minecraft:white_wool":8,"minecraft:bone_block":11,"minecraft:cobblestone":127,"minecraft:enchanting_table":1,"minecraft:lime_bed":13,"minecraft:cooked_beef":7,"minecraft:basalt":3,"minecraft:jungle_log":7,"minecraft:leather":11,"minecraft:cut_sandstone":22,"minecraft:flint":1,"minecraft:smooth_sandstone_stairs":10,"minecraft:oak_log":2,"minecraft:ancient_debris":1,"minecraft:lapis_lazuli":19,"minecraft:dirt":5,"minecraft:cooked_mutton":12,"minecraft:smooth_sandstone":163,"minecraft:bone":6,"minecraft:apple":1,"minecraft:bow":3,"minecraft:wheat_seeds":2,"minecraft:raw_gold":3,"minecraft:bell":13,"minecraft:iron_ingot":43,"minecraft:powered_rail":1,"minecraft:oak_planks":26,"minecraft:soul_sand":50,"minecraft:book":27,"minecraft:oak_slab":2,"minecraft:cooked_porkchop":9,"minecraft:quartz":5,"minecraft:gravel":9,"minecraft:sand":163,"minecraft:white_bed":1,"minecraft:dead_bush":1,"minecraft:loom":2,"minecraft:cyan_bed":3,"minecraft:spectral_arrow":12,"minecraft:spider_eye":2,"minecraft:dispenser":2,"minecraft:diamond":1,"minecraft:short_grass":1,"minecraft:chainmail_leggings":3,"minecraft:iron_helmet":1,"minecraft:crossbow":12,"minecraft:granite":6,"minecraft:bread":104,"minecraft:terracotta":15,"minecraft:netherrack":140,"minecraft:coal":38},"minecraft:mined":{"minecraft:nether_gold_ore":2,"minecraft:white_bed":1,"minecraft:deepslate_diamond_ore":1,"minecraft:obsidian":4,"minecraft:nether_bricks":30,"minecraft:potted_dead_bush":2,"minecraft:granite":6,"minecraft:red_sand":8,"minecraft:grass_block":1,"minecraft:jungle_log":7,"minecraft:cracked_polished_blackstone_bricks":1,"minecraft:nether_wart":8,"minecraft:hay_block":111,"minecraft:polished_blackstone_bricks":5,"minecraft:oak_trapdoor":2,"minecraft:furnace":6,"minecraft:fire":30,"minecraft:iron_ore":83,"minecraft:cobbled_deepslate":2,"minecraft:gold_block":3,"minecraft:enchanting_table":1,"minecraft:bell":1,"minecraft:bookshelf":9,"minecraft:vine":1,"minecraft:rail":11,"minecraft:smooth_sandstone_stairs":10,"minecraft:stone":84,"minecraft:bone_block":11,"minecraft:green_bed":2,"minecraft:oak_slab":2,"minecraft:cut_sandstone":21,"minecraft:jungle_door":3,"minecraft:soul_sand":40,"minecraft:soul_fire":5,"minecraft:basalt":4,"minecraft:smooth_sandstone":170,"minecraft:crafting_table":12,"minecraft:short_grass":13,"minecraft:chest":1,"minecraft:dead_bush":8,"minecraft:lime_carpet":1,"minecraft:lectern":326,"minecraft:glass":20,"minecraft:tall_grass":1,"minecraft:cobblestone":31,"minecraft:lapis_ore":3,"minecraft:cyan_bed":3,"minecraft:oak_planks":27,"minecraft:sugar_cane":3,"minecraft:diorite":6,"minecraft:smooth_sandstone_slab":34,"minecraft:cactus":15,"minecraft:lime_bed":13,"minecraft:powered_rail":1,"minecraft:white_carpet":3,"minecraft:oak_log":2,"minecraft:coal_ore":23,"minecraft:loom":2,"minecraft:gravel":2,"minecraft:sand":164,"minecraft:dirt":4,"minecraft:sandstone_wall":15,"minecraft:terracotta":16,"minecraft:dispenser":2,"minecraft:netherrack":144,"minecraft:gold_ore":3,"minecraft:deepslate":18},"minecraft:broken":{"minecraft:iron_axe":1},"minecraft:dropped":{"minecraft:bread":242,"minecraft:iron_ingot":30,"minecraft:wheat_seeds":2,"minecraft:loom":2,"minecraft:crossbow":24,"minecraft:diamond_leggings":2,"minecraft:iron_helmet":9,"minecraft:cobblestone":13,"minecraft:spectral_arrow":12,"minecraft:leather":6,"minecraft:chainmail_helmet":6,"minecraft:rail":8,"minecraft:stick":9,"minecraft:emerald":1,"minecraft:cut_sandstone":1,"minecraft:gold_nugget":9,"minecraft:iron_leggings":8,"minecraft:iron_axe":3,"minecraft:chainmail_leggings":7,"minecraft:string":15,"minecraft:gold_ingot":9,"minecraft:bone":2,"minecraft:gravel":8,"minecraft:blackstone":8,"minecraft:ancient_debris":1,"minecraft:lever":1,"minecraft:oak_trapdoor":2,"minecraft:smooth_sandstone_stairs":2,"minecraft:diamond_hoe":3,"minecraft:stone_shovel":12,"minecraft:obsidian":2,"minecraft:rotten_flesh":7,"minecraft:light_gray_wool":1,"minecraft:oak_planks":1,"minecraft:iron_boots":1,"minecraft:nether_bricks":1,"minecraft:poppy":10,"minecraft:iron_chestplate":1,"minecraft:spider_eye":2,"minecraft:basalt":3,"minecraft:bow":29,"minecraft:wooden_pickaxe":1,"minecraft:arrow":2,"minecraft:raw_gold":3,"minecraft:bell":12,"minecraft:quartz":5,"minecraft:netherrack":9,"minecraft:lectern":1}},"DataVersion":3955}