{"stats":{"minecraft:picked_up":{"squidcraft:bloque_1":1,"framedblocks:framed_slab":1,"ironladders:copper_ladder":8,"minecraft:twisting_vines":5,"framedblocks:framed_slab_edge":1,"framedblocks:framed_stairs":1},"minecraft:used":{"squidcraft:bloque_13":18,"minecraft:shroomlight":1,"squidcraft:bola_1":39,"squidcraft:bocina":1,"squidcraft:bloque_2":567,"minecraft:emerald_ore":1,"minecraft:jack_o_lantern":1,"minecraft:honey_block":121,"framedblocks:framed_vertical_stairs":25,"minecraft:light":611,"squidcraft:camara":1,"minecraft:black_concrete":73,"minecraft:end_stone_bricks":2,"minecraft:iron_ore":5,"minecraft:copper_ore":1,"minecraft:coal_ore":21,"framedblocks:framed_half_stairs":12,"squidcraft:cola":4,"minecraft:redstone_ore":1,"minecraft:grass_block":15,"ironladders:diamond_ladder":232,"minecraft:spruce_wood":28,"framedblocks:framed_slab":1663,"minecraft:deepslate_copper_ore":2,"minecraft:oak_planks":280,"framedblocks:framed_corner_pillar":179,"minecraft:polished_andesite":18,"squidcraft:graffiti_2":49,"squidcraft:bloque_15":416,"minecraft:ladder":201,"minecraft:quartz_block":1,"minecraft:lapis_ore":2,"minecraft:polished_basalt":452,"framedblocks:framed_stairs":1873,"squidcraft:graffiti_3":45,"squidcraft:bloque_10":28,"squidcraft:bloque_11":28,"squidcraft:bloque_12":20,"framedblocks:framed_slab_edge":219,"framedblocks:framed_panel":749,"minecraft:stone":20,"framedblocks:framed_ladder":1,"minecraft:smooth_quartz":1,"squidcraft:bloque_14":360,"minecraft:deepslate_gold_ore":2,"ironladders:gold_ladder":203,"squidcraft:bloque_6":22,"ironladders:iron_ladder":1,"framedblocks:framed_wall":766,"squidcraft:bola_3":43,"minecraft:debug_stick":428,"minecraft:glowstone":1,"ironladders:copper_ladder":9,"minecraft:soul_sand":15,"squidcraft:bola_2":33,"squidcraft:bloque_8":28,"minecraft:twisting_vines":14,"squidcraft:bloque_4":30,"minecraft:deepslate_coal_ore":6,"squidcraft:graffiti":35,"minecraft:end_stone":104,"squidcraft:bloque_7":99,"minecraft:gray_concrete":183,"squidcraft:bloque_3":1192,"squidcraft:bloque_5":239,"squidcraft:bloque_9":732,"minecraft:deepslate_lapis_ore":4,"minecraft:granite":72,"squidcraft:bloque_1":931,"minecraft:polished_diorite":2,"minecraft:deepslate_emerald_ore":2},"minecraft:custom":{"minecraft:time_since_rest":1083077,"minecraft:sprint_one_cm":522876,"minecraft:damage_taken":1010,"minecraft:walk_one_cm":447756,"minecraft:drop":4,"minecraft:fly_one_cm":8669250,"minecraft:crouch_one_cm":91947,"minecraft:play_time":1083077,"minecraft:sneak_time":74622,"minecraft:jump":5119,"minecraft:leave_game":15,"minecraft:time_since_death":1083077,"minecraft:total_world_time":1311277,"minecraft:climb_one_cm":62785,"minecraft:fall_one_cm":50743},"minecraft:dropped":{"framedblocks:framed_stairs":1,"framedblocks:framed_slab_edge":1,"squidcraft:bloque_1":1,"framedblocks:framed_slab":1}},"DataVersion":3337}