{"stats":{"minecraft:custom":{"minecraft:mob_kills":62,"minecraft:interact_with_anvil":4,"minecraft:interact_with_crafting_table":70,"minecraft:bell_ring":13,"minecraft:leave_game":15,"minecraft:time_since_death":407726,"minecraft:climb_one_cm":11480,"minecraft:sprint_one_cm":616200,"minecraft:walk_one_cm":859847,"minecraft:damage_blocked_by_shield":2275,"minecraft:drop":89,"minecraft:talked_to_villager":26,"minecraft:play_time":407726,"minecraft:sneak_time":26996,"minecraft:walk_under_water_one_cm":49242,"minecraft:boat_one_cm":394953,"minecraft:jump":4244,"minecraft:walk_on_water_one_cm":50889,"minecraft:total_world_time":407726,"minecraft:interact_with_furnace":116,"minecraft:sleep_in_bed":9,"minecraft:time_since_rest":4243,"minecraft:damage_taken":2516,"minecraft:damage_dealt":9318,"minecraft:swim_one_cm":249871,"minecraft:fly_one_cm":708479,"minecraft:open_chest":239,"minecraft:crouch_one_cm":108302,"minecraft:fall_one_cm":109371},"minecraft:picked_up":{"minecraft:cocoa_beans":5,"minecraft:crafting_table":22,"minecraft:wheat":8,"minecraft:ladder":11,"minecraft:chicken":1,"minecraft:clay_ball":28,"minecraft:oak_stairs":146,"minecraft:gold_block":1,"minecraft:enchanted_book":16,"minecraft:brewing_stand":2,"minecraft:shield":1,"minecraft:acacia_door":2,"minecraft:oak_hanging_sign":6,"minecraft:iron_leggings":1,"minecraft:beetroot":2,"minecraft:cobbled_deepslate":100,"minecraft:beef":15,"minecraft:oak_boat":11,"minecraft:cobblestone_slab":16,"minecraft:poppy":2,"minecraft:chest":13,"minecraft:sugar_cane":59,"minecraft:furnace":14,"minecraft:stick":9,"minecraft:raw_iron":170,"minecraft:jungle_door":21,"minecraft:oak_door":11,"minecraft:oak_fence":6,"minecraft:torch":79,"minecraft:acacia_log":1,"minecraft:porkchop":5,"minecraft:diorite":121,"minecraft:carrot":14,"minecraft:diamond_chestplate":2,"minecraft:rotten_flesh":9,"minecraft:arrow":4,"minecraft:beetroot_seeds":6,"minecraft:hay_block":36,"minecraft:gold_ingot":1,"minecraft:obsidian":10,"minecraft:white_wool":32,"minecraft:cobblestone":1681,"minecraft:stripped_oak_log":24,"minecraft:feather":2,"minecraft:cooked_beef":22,"minecraft:jungle_log":12,"minecraft:birch_slab":2,"minecraft:salmon":4,"minecraft:leather":17,"minecraft:gunpowder":1,"minecraft:acacia_wood":10,"minecraft:potato":5,"minecraft:flint":14,"minecraft:tuff":45,"minecraft:oak_log":181,"minecraft:yellow_bed":4,"minecraft:cobblestone_stairs":47,"minecraft:cobblestone_wall":2,"minecraft:acacia_boat":3,"minecraft:dirt":710,"minecraft:bone":7,"minecraft:acacia_planks":58,"minecraft:acacia_trapdoor":7,"minecraft:wheat_seeds":52,"minecraft:raw_gold":56,"minecraft:bell":3,"minecraft:iron_ingot":4,"minecraft:tall_grass":2,"minecraft:oak_planks":109,"minecraft:cooked_porkchop":4,"minecraft:gravel":180,"minecraft:sand":44,"minecraft:ink_sac":2,"minecraft:white_bed":10,"minecraft:acacia_stairs":83,"minecraft:crying_obsidian":1,"minecraft:spider_eye":1,"minecraft:mossy_cobblestone":64,"minecraft:diamond":57,"minecraft:short_grass":2,"minecraft:iron_helmet":1,"minecraft:diamond_axe":1,"minecraft:granite":15,"minecraft:bread":17,"minecraft:coal":247,"minecraft:ender_pearl":1},"minecraft:mined":{"minecraft:diamond_ore":6,"minecraft:crying_obsidian":1,"minecraft:tuff":46,"minecraft:spruce_planks":3,"minecraft:white_bed":10,"minecraft:mossy_cobblestone":64,"minecraft:deepslate_diamond_ore":51,"minecraft:oak_door":10,"minecraft:cobblestone_stairs":47,"minecraft:jungle_leaves":3,"minecraft:brewing_stand":3,"minecraft:obsidian":10,"minecraft:ladder":1,"minecraft:granite":17,"minecraft:acacia_log":1,"minecraft:grass_block":183,"minecraft:jungle_log":12,"minecraft:birch_slab":2,"minecraft:kelp":2,"minecraft:composter":1,"minecraft:sandstone":1,"minecraft:hay_block":36,"minecraft:tall_seagrass":4,"minecraft:furnace":10,"minecraft:carrots":8,"minecraft:acacia_trapdoor":7,"minecraft:fire":29,"minecraft:iron_ore":85,"minecraft:cobbled_deepslate":5,"minecraft:acacia_wood":10,"minecraft:acacia_stairs":83,"minecraft:gold_block":1,"minecraft:bell":2,"minecraft:cobblestone_slab":13,"minecraft:potatoes":2,"minecraft:oak_wall_hanging_sign":6,"minecraft:dirt_path":1,"minecraft:deepslate_iron_ore":85,"minecraft:vine":3,"minecraft:oak_stairs":147,"minecraft:stripped_oak_log":24,"minecraft:stone":1082,"minecraft:glass_pane":8,"minecraft:jungle_door":19,"minecraft:kelp_plant":5,"minecraft:oak_fence":8,"minecraft:clay":7,"minecraft:crafting_table":20,"minecraft:torch":20,"minecraft:short_grass":151,"minecraft:chest":12,"minecraft:white_stained_glass_pane":17,"minecraft:dead_bush":3,"minecraft:tall_grass":10,"minecraft:cobblestone":605,"minecraft:deepslate_gold_ore":57,"minecraft:sugar_cane":27,"minecraft:oak_planks":117,"minecraft:diorite":138,"minecraft:wall_torch":13,"minecraft:seagrass":4,"minecraft:cobblestone_wall":2,"minecraft:wheat":14,"minecraft:yellow_bed":4,"minecraft:yellow_stained_glass_pane":16,"minecraft:coal_ore":130,"minecraft:oak_log":181,"minecraft:beetroots":2,"minecraft:acacia_door":2,"minecraft:gravel":211,"minecraft:sand":49,"minecraft:dirt":491,"minecraft:acacia_planks":57,"minecraft:oak_leaves":22,"minecraft:deepslate":276,"minecraft:fern":1},"minecraft:killed":{"minecraft:spider":4,"minecraft:skeleton":8,"minecraft:chicken":1,"minecraft:pig":4,"minecraft:zombie_villager":1,"minecraft:salmon":2,"minecraft:iron_golem":1,"minecraft:creeper":1,"minecraft:squid":1,"minecraft:zombie":17,"minecraft:enderman":1,"minecraft:cow":17},"minecraft:crafted":{"minecraft:oak_planks":760,"minecraft:cobblestone_slab":18,"minecraft:stone_shovel":1,"minecraft:iron_nugget":10,"minecraft:chain":2,"minecraft:furnace":2,"minecraft:oak_hanging_sign":6,"minecraft:jungle_trapdoor":4,"minecraft:cobblestone_stairs":68,"minecraft:diamond_shovel":1,"minecraft:oak_trapdoor":32,"minecraft:hopper":4,"minecraft:diamond_helmet":1,"minecraft:diamond_leggings":1,"minecraft:iron_boots":2,"minecraft:iron_axe":1,"minecraft:ladder":192,"minecraft:stone_pickaxe":1,"minecraft:chest":15,"minecraft:diamond_boots":1,"minecraft:stone_hoe":1,"minecraft:wheat":387,"minecraft:cooked_beef":8,"minecraft:cooked_porkchop":2,"minecraft:diamond_axe":1,"minecraft:crafting_table":4,"minecraft:wooden_pickaxe":1,"minecraft:iron_helmet":1,"minecraft:iron_sword":1,"minecraft:acacia_trapdoor":32,"minecraft:fletching_table":3,"minecraft:bucket":3,"minecraft:hay_block":7,"minecraft:stone_axe":1,"minecraft:bread":119,"minecraft:acacia_boat":1,"minecraft:air":0,"minecraft:jungle_planks":48,"minecraft:oak_fence_gate":4,"minecraft:oak_boat":2,"minecraft:jungle_door":3,"minecraft:iron_chestplate":1,"minecraft:diamond_pickaxe":2,"minecraft:shield":1,"minecraft:stick":516,"minecraft:iron_ingot":170,"minecraft:iron_pickaxe":2,"minecraft:iron_block":3,"minecraft:gold_ingot":66,"minecraft:iron_leggings":1,"minecraft:anvil":1,"minecraft:acacia_planks":43,"minecraft:torch":60,"minecraft:shears":1,"minecraft:diamond_chestplate":1,"minecraft:golden_hoe":1},"minecraft:broken":{"minecraft:golden_hoe":1,"minecraft:golden_sword":1,"minecraft:diamond_pickaxe":1,"minecraft:iron_axe":1,"minecraft:iron_pickaxe":1},"minecraft:used":{"minecraft:oak_trapdoor":32,"minecraft:flint_and_steel":39,"minecraft:stone_shovel":122,"minecraft:ladder":1,"minecraft:chest":22,"minecraft:shield":101,"minecraft:iron_sword":109,"minecraft:bell":3,"minecraft:stone_hoe":28,"minecraft:oak_door":1,"minecraft:torch":109,"minecraft:anvil":1,"minecraft:brewing_stand":1,"minecraft:dirt":275,"minecraft:hopper":4,"minecraft:jungle_planks":3,"minecraft:carrot":9,"minecraft:jungle_trapdoor":2,"minecraft:tuff":41,"minecraft:oak_fence_gate":4,"minecraft:lava_bucket":1,"minecraft:iron_axe":254,"minecraft:golden_sword":33,"minecraft:furnace":12,"minecraft:oak_sapling":1,"minecraft:beetroot_seeds":6,"minecraft:cooked_beef":13,"minecraft:potato":5,"minecraft:cobbled_deepslate":6,"minecraft:wheat_seeds":8,"minecraft:acacia_boat":3,"minecraft:water_bucket":49,"minecraft:diorite":100,"minecraft:cobblestone_stairs":112,"minecraft:acacia_trapdoor":39,"minecraft:stone_pickaxe":92,"minecraft:oak_planks":197,"minecraft:wooden_pickaxe":24,"minecraft:sugar_cane":59,"minecraft:diamond_axe":464,"minecraft:fletching_table":3,"minecraft:cobblestone_slab":21,"minecraft:mossy_cobblestone":42,"minecraft:golden_hoe":37,"minecraft:sand":12,"minecraft:crafting_table":23,"minecraft:white_bed":10,"minecraft:shears":1,"minecraft:oak_log":7,"minecraft:diamond_pickaxe":2202,"minecraft:diamond_shovel":690,"minecraft:birch_slab":2,"minecraft:bread":49,"minecraft:iron_pickaxe":487,"minecraft:gravel":66,"minecraft:stone_axe":55,"minecraft:cobblestone":1546,"minecraft:jungle_door":20,"minecraft:cooked_porkchop":3,"minecraft:bucket":53,"minecraft:yellow_bed":4,"minecraft:oak_boat":10,"minecraft:stripped_oak_log":2,"minecraft:oak_hanging_sign":6,"minecraft:experience_bottle":1},"minecraft:dropped":{"minecraft:bread":17,"minecraft:short_grass":2,"minecraft:porkchop":3,"minecraft:diamond_axe":1,"minecraft:wheat_seeds":20,"minecraft:lapis_lazuli":10,"minecraft:crafting_table":2,"minecraft:cooked_porkchop":2,"minecraft:feather":5,"minecraft:oak_fence":1,"minecraft:iron_helmet":2,"minecraft:granite":1,"minecraft:coal":1,"minecraft:emerald":5,"minecraft:stick":1,"minecraft:cobblestone_stairs":1,"minecraft:dirt":35,"minecraft:diorite":8,"minecraft:torch":4,"minecraft:jungle_door":2,"minecraft:iron_leggings":2,"minecraft:gold_nugget":1,"minecraft:sand":32,"minecraft:iron_pickaxe":1,"minecraft:paper":9,"minecraft:acacia_door":2,"minecraft:gold_ingot":2,"minecraft:bone":2,"minecraft:gravel":4,"minecraft:furnace":4,"minecraft:stone_axe":1,"minecraft:iron_nugget":8,"minecraft:cobbled_deepslate":30,"minecraft:cocoa_beans":5,"minecraft:stone_shovel":1,"minecraft:tuff":4,"minecraft:tall_grass":2,"minecraft:rotten_flesh":9,"minecraft:iron_boots":1,"minecraft:acacia_stairs":19,"minecraft:salmon":4,"minecraft:carrot":5,"minecraft:filled_map":1,"minecraft:cobblestone_slab":2,"minecraft:shield":1,"minecraft:gunpowder":2,"minecraft:diamond_chestplate":2,"minecraft:chest":2,"minecraft:leather_boots":1,"minecraft:oak_boat":1,"minecraft:arrow":2,"minecraft:stone_pickaxe":1,"minecraft:beef":1,"minecraft:crying_obsidian":1}},"DataVersion":3955}