{"stats":{"minecraft:custom":{"minecraft:interact_with_crafting_table":72,"minecraft:bell_ring":13,"minecraft:leave_game":16,"minecraft:time_since_death":449178,"minecraft:sprint_one_cm":634126,"minecraft:damage_blocked_by_shield":2275,"minecraft:drop":91,"minecraft:talked_to_villager":26,"minecraft:play_time":449178,"minecraft:jump":4344,"minecraft:walk_on_water_one_cm":53841,"minecraft:interact_with_furnace":117,"minecraft:sleep_in_bed":9,"minecraft:damage_dealt":9318,"minecraft:crouch_one_cm":110995,"minecraft:interact_with_anvil":4,"minecraft:mob_kills":62,"minecraft:climb_one_cm":44562,"minecraft:walk_one_cm":872200,"minecraft:sneak_time":27716,"minecraft:walk_under_water_one_cm":49242,"minecraft:boat_one_cm":394953,"minecraft:total_world_time":449178,"minecraft:time_since_rest":45695,"minecraft:damage_taken":2542,"minecraft:swim_one_cm":249871,"minecraft:fly_one_cm":729557,"minecraft:open_chest":243,"minecraft:fall_one_cm":112629},"minecraft:picked_up":{"minecraft:wheat":8,"minecraft:oak_stairs":146,"minecraft:enchanted_book":16,"minecraft:brewing_stand":2,"minecraft:oak_hanging_sign":6,"minecraft:iron_leggings":1,"minecraft:beetroot":2,"minecraft:cobbled_deepslate":100,"minecraft:cobblestone_slab":16,"minecraft:furnace":14,"minecraft:stick":9,"minecraft:jungle_door":21,"minecraft:oak_fence":6,"minecraft:torch":84,"minecraft:acacia_log":1,"minecraft:porkchop":5,"minecraft:diorite":122,"minecraft:rotten_flesh":9,"minecraft:obsidian":10,"minecraft:cobblestone":1681,"minecraft:feather":2,"minecraft:cooked_beef":22,"minecraft:birch_slab":2,"minecraft:jungle_log":12,"minecraft:potato":5,"minecraft:flint":14,"minecraft:tuff":45,"minecraft:acacia_boat":3,"minecraft:dirt":710,"minecraft:bone":7,"minecraft:acacia_planks":58,"minecraft:wheat_seeds":52,"minecraft:raw_gold":56,"minecraft:bell":3,"minecraft:oak_planks":112,"minecraft:cooked_porkchop":4,"minecraft:sand":44,"minecraft:ink_sac":2,"minecraft:acacia_stairs":83,"minecraft:mossy_cobblestone":64,"minecraft:diamond":57,"minecraft:granite":15,"minecraft:bread":17,"minecraft:cocoa_beans":5,"minecraft:crafting_table":22,"minecraft:chicken":1,"minecraft:ladder":12,"minecraft:clay_ball":28,"minecraft:gold_block":1,"minecraft:shield":1,"minecraft:acacia_door":2,"minecraft:beef":15,"minecraft:oak_boat":11,"minecraft:poppy":2,"minecraft:chest":13,"minecraft:sugar_cane":59,"minecraft:raw_iron":170,"minecraft:oak_door":11,"minecraft:carrot":14,"minecraft:arrow":4,"minecraft:diamond_chestplate":2,"minecraft:beetroot_seeds":6,"minecraft:hay_block":36,"minecraft:gold_ingot":1,"minecraft:white_wool":32,"minecraft:stripped_oak_log":24,"minecraft:salmon":4,"minecraft:leather":17,"minecraft:acacia_wood":10,"minecraft:oak_log":181,"minecraft:gunpowder":1,"minecraft:yellow_bed":4,"minecraft:cobblestone_wall":2,"minecraft:cobblestone_stairs":47,"minecraft:acacia_trapdoor":7,"minecraft:iron_ingot":4,"minecraft:stripped_oak_wood":1,"minecraft:tall_grass":2,"minecraft:gravel":180,"minecraft:white_bed":10,"minecraft:crying_obsidian":1,"minecraft:spider_eye":1,"minecraft:short_grass":2,"minecraft:iron_helmet":1,"minecraft:diamond_axe":1,"minecraft:coal":247,"minecraft:ender_pearl":1},"minecraft:mined":{"minecraft:spruce_planks":3,"minecraft:white_bed":10,"minecraft:cobblestone_stairs":47,"minecraft:jungle_leaves":3,"minecraft:brewing_stand":3,"minecraft:obsidian":10,"minecraft:granite":17,"minecraft:acacia_log":1,"minecraft:grass_block":183,"minecraft:jungle_log":12,"minecraft:composter":1,"minecraft:tall_seagrass":4,"minecraft:iron_ore":85,"minecraft:cobbled_deepslate":5,"minecraft:fire":29,"minecraft:oak_wall_hanging_sign":6,"minecraft:dirt_path":1,"minecraft:oak_stairs":147,"minecraft:jungle_door":19,"minecraft:kelp_plant":5,"minecraft:clay":7,"minecraft:torch":21,"minecraft:chest":12,"minecraft:white_stained_glass_pane":17,"minecraft:dead_bush":3,"minecraft:cobblestone":605,"minecraft:sugar_cane":27,"minecraft:oak_planks":119,"minecraft:wall_torch":13,"minecraft:seagrass":4,"minecraft:wheat":14,"minecraft:stripped_oak_wood":1,"minecraft:yellow_stained_glass_pane":16,"minecraft:oak_log":181,"minecraft:beetroots":2,"minecraft:sand":49,"minecraft:dirt":491,"minecraft:oak_leaves":22,"minecraft:deepslate":276,"minecraft:diamond_ore":6,"minecraft:crying_obsidian":1,"minecraft:tuff":46,"minecraft:mossy_cobblestone":64,"minecraft:deepslate_diamond_ore":51,"minecraft:oak_door":10,"minecraft:ladder":1,"minecraft:birch_slab":2,"minecraft:kelp":2,"minecraft:sandstone":1,"minecraft:hay_block":36,"minecraft:furnace":10,"minecraft:carrots":8,"minecraft:acacia_trapdoor":7,"minecraft:acacia_wood":10,"minecraft:acacia_stairs":83,"minecraft:gold_block":1,"minecraft:bell":2,"minecraft:potatoes":2,"minecraft:vine":3,"minecraft:deepslate_iron_ore":85,"minecraft:cobblestone_slab":13,"minecraft:stripped_oak_log":24,"minecraft:stone":1082,"minecraft:glass_pane":8,"minecraft:oak_fence":8,"minecraft:crafting_table":20,"minecraft:short_grass":153,"minecraft:tall_grass":11,"minecraft:deepslate_gold_ore":57,"minecraft:diorite":139,"minecraft:cobblestone_wall":2,"minecraft:yellow_bed":4,"minecraft:coal_ore":130,"minecraft:acacia_door":2,"minecraft:gravel":211,"minecraft:acacia_planks":57,"minecraft:fern":1},"minecraft:killed":{"minecraft:spider":4,"minecraft:skeleton":8,"minecraft:chicken":1,"minecraft:pig":4,"minecraft:zombie_villager":1,"minecraft:salmon":2,"minecraft:iron_golem":1,"minecraft:creeper":1,"minecraft:zombie":17,"minecraft:cow":17,"minecraft:squid":1,"minecraft:enderman":1},"minecraft:broken":{"minecraft:golden_sword":1,"minecraft:diamond_pickaxe":1,"minecraft:golden_hoe":1,"minecraft:iron_axe":1,"minecraft:iron_pickaxe":1},"minecraft:crafted":{"minecraft:oak_planks":764,"minecraft:cobblestone_slab":18,"minecraft:chain":2,"minecraft:oak_hanging_sign":6,"minecraft:cobblestone_stairs":68,"minecraft:diamond_shovel":1,"minecraft:hopper":4,"minecraft:diamond_helmet":1,"minecraft:diamond_leggings":1,"minecraft:iron_boots":2,"minecraft:chest":15,"minecraft:stone_hoe":1,"minecraft:cooked_porkchop":2,"minecraft:diamond_axe":1,"minecraft:crafting_table":5,"minecraft:wooden_pickaxe":1,"minecraft:iron_helmet":1,"minecraft:fletching_table":3,"minecraft:hay_block":7,"minecraft:iron_chestplate":1,"minecraft:diamond_pickaxe":2,"minecraft:shield":1,"minecraft:stick":528,"minecraft:iron_ingot":170,"minecraft:iron_pickaxe":2,"minecraft:iron_block":3,"minecraft:gold_ingot":66,"minecraft:shears":1,"minecraft:oak_door":3,"minecraft:stone_shovel":1,"minecraft:iron_nugget":10,"minecraft:furnace":2,"minecraft:jungle_trapdoor":4,"minecraft:oak_trapdoor":32,"minecraft:iron_axe":1,"minecraft:ladder":192,"minecraft:stone_pickaxe":1,"minecraft:diamond_boots":1,"minecraft:wheat":387,"minecraft:cooked_beef":8,"minecraft:iron_sword":1,"minecraft:acacia_trapdoor":32,"minecraft:bucket":3,"minecraft:stone_axe":1,"minecraft:acacia_boat":1,"minecraft:bread":119,"minecraft:air":0,"minecraft:jungle_planks":48,"minecraft:oak_fence_gate":4,"minecraft:oak_boat":2,"minecraft:jungle_door":3,"minecraft:iron_leggings":1,"minecraft:anvil":1,"minecraft:acacia_planks":43,"minecraft:torch":80,"minecraft:golden_hoe":1,"minecraft:diamond_chestplate":1},"minecraft:used":{"minecraft:ladder":118,"minecraft:chest":22,"minecraft:shield":101,"minecraft:iron_sword":109,"minecraft:bell":3,"minecraft:jungle_planks":3,"minecraft:carrot":9,"minecraft:tuff":41,"minecraft:lava_bucket":1,"minecraft:golden_sword":33,"minecraft:oak_sapling":1,"minecraft:furnace":12,"minecraft:beetroot_seeds":6,"minecraft:potato":5,"minecraft:diorite":100,"minecraft:stone_pickaxe":92,"minecraft:acacia_trapdoor":39,"minecraft:oak_planks":224,"minecraft:wooden_pickaxe":24,"minecraft:diamond_axe":468,"minecraft:sugar_cane":59,"minecraft:golden_hoe":37,"minecraft:sand":12,"minecraft:shears":1,"minecraft:birch_slab":2,"minecraft:bread":51,"minecraft:gravel":66,"minecraft:oak_boat":10,"minecraft:oak_hanging_sign":6,"minecraft:experience_bottle":1,"minecraft:oak_trapdoor":32,"minecraft:flint_and_steel":39,"minecraft:stone_shovel":122,"minecraft:stone_hoe":28,"minecraft:oak_door":2,"minecraft:torch":153,"minecraft:brewing_stand":1,"minecraft:dirt":275,"minecraft:anvil":1,"minecraft:hopper":4,"minecraft:jungle_trapdoor":2,"minecraft:oak_fence_gate":4,"minecraft:iron_axe":254,"minecraft:cooked_beef":13,"minecraft:cobbled_deepslate":6,"minecraft:wheat_seeds":8,"minecraft:acacia_boat":3,"minecraft:water_bucket":50,"minecraft:cobblestone_stairs":112,"minecraft:fletching_table":3,"minecraft:cobblestone_slab":21,"minecraft:mossy_cobblestone":42,"minecraft:crafting_table":24,"minecraft:white_bed":10,"minecraft:oak_log":7,"minecraft:diamond_pickaxe":2203,"minecraft:diamond_shovel":690,"minecraft:iron_pickaxe":487,"minecraft:stone_axe":55,"minecraft:cobblestone":1546,"minecraft:cooked_porkchop":3,"minecraft:jungle_door":20,"minecraft:bucket":54,"minecraft:yellow_bed":4,"minecraft:stripped_oak_log":2},"minecraft:dropped":{"minecraft:short_grass":2,"minecraft:porkchop":3,"minecraft:diamond_axe":1,"minecraft:lapis_lazuli":10,"minecraft:crafting_table":2,"minecraft:cooked_porkchop":2,"minecraft:cobblestone_stairs":1,"minecraft:emerald":5,"minecraft:dirt":35,"minecraft:gold_nugget":1,"minecraft:sand":32,"minecraft:iron_pickaxe":1,"minecraft:acacia_door":2,"minecraft:gold_ingot":2,"minecraft:bone":2,"minecraft:gravel":4,"minecraft:stone_axe":1,"minecraft:iron_nugget":8,"minecraft:cobbled_deepslate":30,"minecraft:rotten_flesh":9,"minecraft:oak_planks":1,"minecraft:acacia_stairs":19,"minecraft:salmon":4,"minecraft:carrot":5,"minecraft:gunpowder":2,"minecraft:leather_boots":1,"minecraft:chest":2,"minecraft:arrow":2,"minecraft:beef":1,"minecraft:crying_obsidian":1,"minecraft:bread":17,"minecraft:wheat_seeds":20,"minecraft:oak_fence":1,"minecraft:iron_helmet":2,"minecraft:feather":5,"minecraft:granite":1,"minecraft:coal":1,"minecraft:stick":1,"minecraft:diorite":9,"minecraft:torch":4,"minecraft:jungle_door":2,"minecraft:iron_leggings":2,"minecraft:paper":9,"minecraft:furnace":4,"minecraft:cocoa_beans":5,"minecraft:tuff":4,"minecraft:stone_shovel":1,"minecraft:tall_grass":2,"minecraft:iron_boots":1,"minecraft:filled_map":1,"minecraft:cobblestone_slab":2,"minecraft:shield":1,"minecraft:diamond_chestplate":2,"minecraft:oak_boat":1,"minecraft:stone_pickaxe":1}},"DataVersion":3955}