{"stats":{"minecraft:dropped":{"minecraft:bread":17,"minecraft:diamond_axe":1,"minecraft:short_grass":2,"minecraft:porkchop":3,"minecraft:wheat_seeds":18,"minecraft:lapis_lazuli":10,"minecraft:crafting_table":2,"minecraft:cooked_porkchop":2,"minecraft:oak_fence":1,"minecraft:feather":5,"minecraft:iron_helmet":2,"minecraft:granite":1,"minecraft:coal":1,"minecraft:emerald":5,"minecraft:stick":1,"minecraft:cobblestone_stairs":1,"minecraft:dirt":32,"minecraft:diorite":8,"minecraft:torch":4,"minecraft:jungle_door":2,"minecraft:iron_leggings":2,"minecraft:gold_nugget":1,"minecraft:sand":32,"minecraft:iron_pickaxe":1,"minecraft:acacia_door":2,"minecraft:paper":9,"minecraft:bone":2,"minecraft:gold_ingot":2,"minecraft:gravel":4,"minecraft:furnace":4,"minecraft:stone_axe":1,"minecraft:iron_nugget":8,"minecraft:cobbled_deepslate":30,"minecraft:cocoa_beans":5,"minecraft:tuff":4,"minecraft:stone_shovel":1,"minecraft:tall_grass":2,"minecraft:rotten_flesh":9,"minecraft:iron_boots":1,"minecraft:acacia_stairs":19,"minecraft:salmon":4,"minecraft:carrot":5,"minecraft:filled_map":1,"minecraft:cobblestone_slab":2,"minecraft:shield":1,"minecraft:gunpowder":2,"minecraft:diamond_chestplate":2,"minecraft:chest":2,"minecraft:leather_boots":1,"minecraft:oak_boat":1,"minecraft:arrow":2,"minecraft:beef":1,"minecraft:stone_pickaxe":1,"minecraft:crying_obsidian":1},"minecraft:broken":{"minecraft:golden_hoe":1,"minecraft:golden_sword":1,"minecraft:diamond_pickaxe":1,"minecraft:iron_axe":1,"minecraft:iron_pickaxe":1},"minecraft:killed":{"minecraft:spider":3,"minecraft:skeleton":7,"minecraft:chicken":1,"minecraft:pig":4,"minecraft:zombie_villager":1,"minecraft:salmon":2,"minecraft:iron_golem":1,"minecraft:squid":1,"minecraft:zombie":15,"minecraft:enderman":1,"minecraft:cow":17},"minecraft:mined":{"minecraft:diamond_ore":6,"minecraft:crying_obsidian":1,"minecraft:tuff":46,"minecraft:spruce_planks":3,"minecraft:white_bed":9,"minecraft:mossy_cobblestone":64,"minecraft:deepslate_diamond_ore":51,"minecraft:oak_door":10,"minecraft:cobblestone_stairs":47,"minecraft:jungle_leaves":3,"minecraft:brewing_stand":3,"minecraft:obsidian":10,"minecraft:ladder":1,"minecraft:granite":17,"minecraft:acacia_log":1,"minecraft:grass_block":173,"minecraft:jungle_log":12,"minecraft:birch_slab":2,"minecraft:kelp":2,"minecraft:composter":1,"minecraft:sandstone":1,"minecraft:hay_block":36,"minecraft:tall_seagrass":4,"minecraft:carrots":8,"minecraft:furnace":10,"minecraft:cobbled_deepslate":5,"minecraft:iron_ore":85,"minecraft:fire":29,"minecraft:acacia_wood":10,"minecraft:acacia_stairs":83,"minecraft:gold_block":1,"minecraft:bell":2,"minecraft:oak_wall_hanging_sign":6,"minecraft:potatoes":2,"minecraft:dirt_path":1,"minecraft:cobblestone_slab":13,"minecraft:deepslate_iron_ore":85,"minecraft:vine":3,"minecraft:oak_stairs":103,"minecraft:stripped_oak_log":6,"minecraft:stone":972,"minecraft:glass_pane":7,"minecraft:jungle_door":19,"minecraft:kelp_plant":5,"minecraft:clay":7,"minecraft:oak_fence":8,"minecraft:crafting_table":20,"minecraft:torch":5,"minecraft:short_grass":143,"minecraft:chest":11,"minecraft:white_stained_glass_pane":17,"minecraft:dead_bush":3,"minecraft:tall_grass":9,"minecraft:cobblestone":549,"minecraft:deepslate_gold_ore":57,"minecraft:sugar_cane":27,"minecraft:oak_planks":76,"minecraft:diorite":103,"minecraft:wall_torch":11,"minecraft:seagrass":4,"minecraft:cobblestone_wall":2,"minecraft:wheat":14,"minecraft:yellow_bed":4,"minecraft:yellow_stained_glass_pane":16,"minecraft:oak_log":94,"minecraft:coal_ore":98,"minecraft:beetroots":2,"minecraft:acacia_door":2,"minecraft:gravel":211,"minecraft:sand":49,"minecraft:dirt":486,"minecraft:acacia_planks":57,"minecraft:oak_leaves":22,"minecraft:fern":1,"minecraft:deepslate":276},"minecraft:used":{"minecraft:flint_and_steel":39,"minecraft:stone_shovel":122,"minecraft:ladder":1,"minecraft:chest":17,"minecraft:shield":92,"minecraft:iron_sword":104,"minecraft:bell":3,"minecraft:stone_hoe":28,"minecraft:oak_door":1,"minecraft:torch":70,"minecraft:anvil":1,"minecraft:brewing_stand":1,"minecraft:dirt":149,"minecraft:jungle_planks":3,"minecraft:carrot":9,"minecraft:jungle_trapdoor":2,"minecraft:tuff":41,"minecraft:oak_fence_gate":4,"minecraft:lava_bucket":1,"minecraft:iron_axe":254,"minecraft:golden_sword":33,"minecraft:oak_sapling":1,"minecraft:furnace":12,"minecraft:beetroot_seeds":6,"minecraft:potato":5,"minecraft:cooked_beef":13,"minecraft:cobbled_deepslate":6,"minecraft:wheat_seeds":8,"minecraft:acacia_boat":3,"minecraft:water_bucket":17,"minecraft:diorite":2,"minecraft:cobblestone_stairs":112,"minecraft:oak_planks":170,"minecraft:stone_pickaxe":92,"minecraft:fletching_table":3,"minecraft:cobblestone_slab":17,"minecraft:wooden_pickaxe":24,"minecraft:sugar_cane":59,"minecraft:diamond_axe":263,"minecraft:mossy_cobblestone":42,"minecraft:golden_hoe":37,"minecraft:sand":12,"minecraft:crafting_table":23,"minecraft:white_bed":9,"minecraft:shears":1,"minecraft:oak_log":6,"minecraft:diamond_pickaxe":1960,"minecraft:diamond_shovel":685,"minecraft:birch_slab":2,"minecraft:bread":38,"minecraft:iron_pickaxe":487,"minecraft:gravel":66,"minecraft:stone_axe":55,"minecraft:cobblestone":486,"minecraft:cooked_porkchop":3,"minecraft:jungle_door":20,"minecraft:bucket":20,"minecraft:yellow_bed":4,"minecraft:oak_boat":10,"minecraft:oak_hanging_sign":6,"minecraft:experience_bottle":1},"minecraft:custom":{"minecraft:interact_with_anvil":4,"minecraft:mob_kills":57,"minecraft:interact_with_crafting_table":62,"minecraft:bell_ring":13,"minecraft:leave_game":13,"minecraft:time_since_death":349927,"minecraft:climb_one_cm":11455,"minecraft:sprint_one_cm":533907,"minecraft:walk_one_cm":725814,"minecraft:damage_blocked_by_shield":1855,"minecraft:drop":86,"minecraft:talked_to_villager":26,"minecraft:play_time":349927,"minecraft:sneak_time":17701,"minecraft:walk_under_water_one_cm":33561,"minecraft:boat_one_cm":394953,"minecraft:jump":3526,"minecraft:walk_on_water_one_cm":33851,"minecraft:total_world_time":349927,"minecraft:interact_with_furnace":106,"minecraft:sleep_in_bed":7,"minecraft:time_since_rest":2408,"minecraft:damage_taken":2172,"minecraft:damage_dealt":8516,"minecraft:swim_one_cm":246132,"minecraft:fly_one_cm":617265,"minecraft:open_chest":179,"minecraft:crouch_one_cm":59118,"minecraft:fall_one_cm":91542},"minecraft:picked_up":{"minecraft:cocoa_beans":5,"minecraft:crafting_table":22,"minecraft:wheat":8,"minecraft:clay_ball":28,"minecraft:chicken":1,"minecraft:ladder":11,"minecraft:oak_stairs":102,"minecraft:gold_block":1,"minecraft:enchanted_book":16,"minecraft:brewing_stand":2,"minecraft:shield":1,"minecraft:acacia_door":2,"minecraft:oak_hanging_sign":6,"minecraft:iron_leggings":1,"minecraft:beetroot":2,"minecraft:cobbled_deepslate":100,"minecraft:beef":15,"minecraft:oak_boat":11,"minecraft:cobblestone_slab":16,"minecraft:poppy":1,"minecraft:sugar_cane":59,"minecraft:chest":12,"minecraft:furnace":14,"minecraft:stick":9,"minecraft:raw_iron":170,"minecraft:jungle_door":21,"minecraft:oak_door":11,"minecraft:oak_fence":6,"minecraft:acacia_log":1,"minecraft:torch":44,"minecraft:porkchop":5,"minecraft:diorite":91,"minecraft:carrot":14,"minecraft:diamond_chestplate":2,"minecraft:rotten_flesh":9,"minecraft:arrow":2,"minecraft:beetroot_seeds":6,"minecraft:hay_block":36,"minecraft:gold_ingot":1,"minecraft:obsidian":10,"minecraft:white_wool":32,"minecraft:cobblestone":1513,"minecraft:stripped_oak_log":6,"minecraft:feather":2,"minecraft:cooked_beef":22,"minecraft:birch_slab":2,"minecraft:salmon":4,"minecraft:jungle_log":12,"minecraft:leather":17,"minecraft:acacia_wood":10,"minecraft:potato":5,"minecraft:flint":14,"minecraft:tuff":45,"minecraft:oak_log":94,"minecraft:acacia_boat":3,"minecraft:yellow_bed":4,"minecraft:cobblestone_wall":2,"minecraft:cobblestone_stairs":47,"minecraft:dirt":693,"minecraft:bone":7,"minecraft:acacia_planks":58,"minecraft:wheat_seeds":49,"minecraft:raw_gold":56,"minecraft:bell":3,"minecraft:iron_ingot":4,"minecraft:tall_grass":2,"minecraft:oak_planks":68,"minecraft:cooked_porkchop":4,"minecraft:gravel":180,"minecraft:sand":44,"minecraft:ink_sac":2,"minecraft:white_bed":9,"minecraft:acacia_stairs":83,"minecraft:crying_obsidian":1,"minecraft:mossy_cobblestone":64,"minecraft:diamond":57,"minecraft:short_grass":2,"minecraft:diamond_axe":1,"minecraft:iron_helmet":1,"minecraft:granite":14,"minecraft:bread":17,"minecraft:coal":216,"minecraft:ender_pearl":1},"minecraft:crafted":{"minecraft:cobblestone_slab":18,"minecraft:oak_planks":352,"minecraft:stone_shovel":1,"minecraft:iron_nugget":10,"minecraft:chain":2,"minecraft:furnace":2,"minecraft:oak_hanging_sign":6,"minecraft:jungle_trapdoor":4,"minecraft:cobblestone_stairs":68,"minecraft:diamond_shovel":1,"minecraft:diamond_helmet":1,"minecraft:diamond_leggings":1,"minecraft:iron_boots":2,"minecraft:iron_axe":1,"minecraft:stone_pickaxe":1,"minecraft:chest":7,"minecraft:diamond_boots":1,"minecraft:stone_hoe":1,"minecraft:wheat":162,"minecraft:cooked_beef":8,"minecraft:cooked_porkchop":2,"minecraft:diamond_axe":1,"minecraft:crafting_table":4,"minecraft:wooden_pickaxe":1,"minecraft:iron_helmet":1,"minecraft:iron_sword":1,"minecraft:fletching_table":3,"minecraft:bucket":2,"minecraft:hay_block":7,"minecraft:stone_axe":1,"minecraft:acacia_boat":1,"minecraft:bread":42,"minecraft:air":0,"minecraft:jungle_planks":48,"minecraft:oak_fence_gate":4,"minecraft:oak_boat":2,"minecraft:jungle_door":3,"minecraft:iron_chestplate":1,"minecraft:diamond_pickaxe":2,"minecraft:shield":1,"minecraft:stick":68,"minecraft:iron_ingot":170,"minecraft:iron_pickaxe":2,"minecraft:iron_block":3,"minecraft:iron_leggings":1,"minecraft:gold_ingot":66,"minecraft:anvil":1,"minecraft:acacia_planks":43,"minecraft:torch":60,"minecraft:shears":1,"minecraft:diamond_chestplate":1,"minecraft:golden_hoe":1}},"DataVersion":3955}