{"stats":{"minecraft:custom":{"minecraft:time_since_rest":24926,"minecraft:interact_with_furnace":3,"minecraft:sprint_one_cm":27666,"minecraft:damage_taken":236,"minecraft:walk_one_cm":28045,"minecraft:mob_kills":11,"minecraft:damage_dealt":1085,"minecraft:swim_one_cm":65321,"minecraft:interact_with_crafting_table":6,"minecraft:fly_one_cm":60921,"minecraft:crouch_one_cm":3686,"minecraft:play_time":24926,"minecraft:walk_under_water_one_cm":10740,"minecraft:sneak_time":2630,"minecraft:jump":404,"minecraft:leave_game":3,"minecraft:walk_on_water_one_cm":8417,"minecraft:time_since_death":24926,"minecraft:climb_one_cm":1227,"minecraft:total_world_time":24926,"minecraft:fall_one_cm":13425},"minecraft:used":{"minecraft:stone_pickaxe":87,"minecraft:stone_shovel":77,"minecraft:bread":3,"minecraft:wooden_pickaxe":24,"minecraft:stone_axe":24,"minecraft:cobblestone":1,"minecraft:dirt":16,"minecraft:sand":2,"minecraft:crafting_table":3,"minecraft:furnace":1,"minecraft:cooked_porkchop":2,"minecraft:jungle_planks":3,"minecraft:jungle_door":8},"minecraft:killed":{"minecraft:skeleton":1,"minecraft:pig":1,"minecraft:salmon":2,"minecraft:squid":1,"minecraft:cow":6},"minecraft:mined":{"minecraft:jungle_door":8,"minecraft:furnace":1,"minecraft:iron_ore":1,"minecraft:jungle_leaves":3,"minecraft:crafting_table":3,"minecraft:short_grass":5,"minecraft:grass_block":10,"minecraft:coal_ore":42,"minecraft:vine":3,"minecraft:jungle_log":12,"minecraft:dead_bush":3,"minecraft:sand":2,"minecraft:dirt":100,"minecraft:cobblestone":1,"minecraft:stone":65,"minecraft:oak_leaves":6,"minecraft:fern":1},"minecraft:picked_up":{"minecraft:raw_iron":1,"minecraft:crafting_table":3,"minecraft:cocoa_beans":5,"minecraft:stick":8,"minecraft:jungle_door":8,"minecraft:salmon":2,"minecraft:jungle_log":12,"minecraft:leather":5,"minecraft:porkchop":2,"minecraft:sand":2,"minecraft:ink_sac":2,"minecraft:dirt":110,"minecraft:arrow":2,"minecraft:beef":11,"minecraft:coal":42,"minecraft:cobblestone":66,"minecraft:furnace":1},"minecraft:crafted":{"minecraft:jungle_door":3,"minecraft:stone_shovel":1,"minecraft:cooked_porkchop":2,"minecraft:crafting_table":2,"minecraft:stick":12,"minecraft:wooden_pickaxe":1,"minecraft:stone_pickaxe":1,"minecraft:furnace":1,"minecraft:stone_axe":1,"minecraft:air":0,"minecraft:jungle_planks":48}},"DataVersion":3955}