{"stats":{"minecraft:custom":{"minecraft:interact_with_furnace":56,"minecraft:mob_kills":35,"minecraft:interact_with_crafting_table":22,"minecraft:leave_game":4,"minecraft:time_since_death":75944,"minecraft:climb_one_cm":1227,"minecraft:time_since_rest":75944,"minecraft:sprint_one_cm":88003,"minecraft:damage_taken":1099,"minecraft:walk_one_cm":111054,"minecraft:damage_blocked_by_shield":1470,"minecraft:drop":24,"minecraft:damage_dealt":4996,"minecraft:swim_one_cm":208236,"minecraft:fly_one_cm":129930,"minecraft:open_chest":6,"minecraft:crouch_one_cm":11478,"minecraft:play_time":75944,"minecraft:sneak_time":6067,"minecraft:walk_under_water_one_cm":21641,"minecraft:boat_one_cm":162783,"minecraft:jump":929,"minecraft:walk_on_water_one_cm":16244,"minecraft:total_world_time":75944,"minecraft:fall_one_cm":24533},"minecraft:broken":{"minecraft:golden_sword":1},"minecraft:used":{"minecraft:water_bucket":7,"minecraft:flint_and_steel":11,"minecraft:stone_pickaxe":92,"minecraft:stone_shovel":122,"minecraft:wooden_pickaxe":24,"minecraft:shield":85,"minecraft:iron_sword":39,"minecraft:torch":3,"minecraft:dirt":30,"minecraft:sand":12,"minecraft:crafting_table":12,"minecraft:jungle_planks":3,"minecraft:lava_bucket":1,"minecraft:iron_axe":1,"minecraft:bread":8,"minecraft:iron_pickaxe":194,"minecraft:stone_axe":55,"minecraft:golden_sword":33,"minecraft:cobblestone":1,"minecraft:furnace":6,"minecraft:cooked_porkchop":2,"minecraft:jungle_door":20,"minecraft:bucket":10,"minecraft:oak_boat":2,"minecraft:cooked_beef":8,"minecraft:experience_bottle":1},"minecraft:killed":{"minecraft:pig":1,"minecraft:zombie_villager":1,"minecraft:salmon":2,"minecraft:spider":2,"minecraft:squid":1,"minecraft:skeleton":5,"minecraft:zombie":13,"minecraft:cow":7},"minecraft:mined":{"minecraft:tuff":5,"minecraft:jungle_door":19,"minecraft:deepslate_diamond_ore":5,"minecraft:jungle_leaves":3,"minecraft:crafting_table":11,"minecraft:granite":1,"minecraft:short_grass":6,"minecraft:grass_block":10,"minecraft:chest":1,"minecraft:jungle_log":12,"minecraft:dead_bush":3,"minecraft:cobblestone":1,"minecraft:deepslate_gold_ore":13,"minecraft:wall_torch":1,"minecraft:furnace":4,"minecraft:fire":2,"minecraft:iron_ore":56,"minecraft:gold_block":1,"minecraft:oak_log":7,"minecraft:coal_ore":55,"minecraft:deepslate_iron_ore":53,"minecraft:vine":3,"minecraft:gravel":5,"minecraft:dirt":104,"minecraft:sand":47,"minecraft:stone":74,"minecraft:oak_leaves":6,"minecraft:deepslate":39,"minecraft:fern":1},"minecraft:dropped":{"minecraft:gravel":3,"minecraft:stone_axe":1,"minecraft:lapis_lazuli":10,"minecraft:iron_nugget":8,"minecraft:cocoa_beans":5,"minecraft:tuff":4,"minecraft:stone_shovel":1,"minecraft:rotten_flesh":3,"minecraft:feather":5,"minecraft:salmon":4,"minecraft:carrot":5,"minecraft:shield":1,"minecraft:gunpowder":2,"minecraft:torch":1,"minecraft:leather_boots":1,"minecraft:oak_boat":1,"minecraft:beef":1,"minecraft:gold_nugget":1,"minecraft:sand":32,"minecraft:arrow":2,"minecraft:stone_pickaxe":1,"minecraft:paper":9},"minecraft:picked_up":{"minecraft:cocoa_beans":5,"minecraft:crafting_table":11,"minecraft:cooked_beef":3,"minecraft:jungle_log":12,"minecraft:salmon":4,"minecraft:leather":5,"minecraft:gold_block":1,"minecraft:tuff":4,"minecraft:oak_log":7,"minecraft:shield":1,"minecraft:dirt":114,"minecraft:bone":3,"minecraft:cobbled_deepslate":38,"minecraft:raw_gold":13,"minecraft:beef":15,"minecraft:oak_boat":3,"minecraft:chest":1,"minecraft:furnace":4,"minecraft:raw_iron":109,"minecraft:stick":8,"minecraft:jungle_door":19,"minecraft:torch":1,"minecraft:gravel":3,"minecraft:porkchop":2,"minecraft:sand":44,"minecraft:ink_sac":2,"minecraft:arrow":2,"minecraft:rotten_flesh":3,"minecraft:diamond":5,"minecraft:coal":150,"minecraft:cobblestone":77},"minecraft:crafted":{"minecraft:cooked_beef":8,"minecraft:oak_planks":28,"minecraft:stone_shovel":1,"minecraft:cooked_porkchop":2,"minecraft:iron_nugget":1,"minecraft:crafting_table":2,"minecraft:iron_helmet":1,"minecraft:wooden_pickaxe":1,"minecraft:iron_sword":1,"minecraft:furnace":2,"minecraft:bucket":2,"minecraft:stone_axe":1,"minecraft:air":0,"minecraft:jungle_planks":48,"minecraft:oak_boat":1,"minecraft:jungle_door":3,"minecraft:iron_chestplate":1,"minecraft:iron_boots":2,"minecraft:shield":1,"minecraft:iron_axe":1,"minecraft:stick":20,"minecraft:iron_ingot":62,"minecraft:iron_pickaxe":2,"minecraft:stone_pickaxe":1,"minecraft:iron_leggings":1,"minecraft:gold_ingot":1,"minecraft:torch":4}},"DataVersion":3955}