{"stats":{"minecraft:custom":{"minecraft:jump":106,"minecraft:time_since_rest":6242,"minecraft:damage_dealt":15,"minecraft:leave_game":1,"minecraft:sprint_one_cm":6553,"minecraft:play_time":6242,"minecraft:damage_taken":50,"minecraft:time_since_death":6242,"minecraft:walk_one_cm":2053,"minecraft:climb_one_cm":230,"minecraft:total_world_time":6242,"minecraft:fall_one_cm":4755,"minecraft:fly_one_cm":25412},"minecraft:used":{"minecraft:sand":2},"minecraft:mined":{"minecraft:vine":1,"minecraft:dead_bush":3,"minecraft:sand":2},"minecraft:picked_up":{"minecraft:sand":2}},"DataVersion":3955}