{"stats":{"minecraft:dropped":{"minecraft:bread":17,"minecraft:porkchop":3,"minecraft:lapis_lazuli":10,"minecraft:crafting_table":2,"minecraft:cooked_porkchop":2,"minecraft:oak_fence":1,"minecraft:feather":5,"minecraft:iron_helmet":2,"minecraft:granite":1,"minecraft:coal":1,"minecraft:stick":1,"minecraft:cobblestone_stairs":1,"minecraft:dirt":31,"minecraft:diorite":8,"minecraft:torch":4,"minecraft:jungle_door":2,"minecraft:iron_leggings":2,"minecraft:gold_nugget":1,"minecraft:sand":32,"minecraft:iron_pickaxe":1,"minecraft:paper":9,"minecraft:gold_ingot":2,"minecraft:gravel":4,"minecraft:furnace":4,"minecraft:stone_axe":1,"minecraft:iron_nugget":8,"minecraft:cobbled_deepslate":30,"minecraft:cocoa_beans":5,"minecraft:tuff":4,"minecraft:stone_shovel":1,"minecraft:rotten_flesh":3,"minecraft:iron_boots":1,"minecraft:salmon":4,"minecraft:carrot":5,"minecraft:filled_map":1,"minecraft:cobblestone_slab":2,"minecraft:shield":1,"minecraft:gunpowder":2,"minecraft:leather_boots":1,"minecraft:oak_boat":1,"minecraft:arrow":2,"minecraft:beef":1,"minecraft:stone_pickaxe":1,"minecraft:crying_obsidian":1},"minecraft:broken":{"minecraft:golden_hoe":1,"minecraft:golden_sword":1,"minecraft:iron_axe":1,"minecraft:iron_pickaxe":1},"minecraft:killed":{"minecraft:spider":2,"minecraft:skeleton":5,"minecraft:chicken":1,"minecraft:pig":4,"minecraft:zombie_villager":1,"minecraft:salmon":2,"minecraft:iron_golem":1,"minecraft:squid":1,"minecraft:zombie":14,"minecraft:cow":17},"minecraft:mined":{"minecraft:diamond_ore":6,"minecraft:crying_obsidian":1,"minecraft:tuff":46,"minecraft:spruce_planks":3,"minecraft:white_bed":9,"minecraft:mossy_cobblestone":64,"minecraft:deepslate_diamond_ore":51,"minecraft:oak_door":10,"minecraft:cobblestone_stairs":47,"minecraft:jungle_leaves":3,"minecraft:brewing_stand":3,"minecraft:obsidian":10,"minecraft:granite":3,"minecraft:grass_block":161,"minecraft:jungle_log":12,"minecraft:kelp":2,"minecraft:composter":1,"minecraft:sandstone":1,"minecraft:hay_block":36,"minecraft:tall_seagrass":4,"minecraft:carrots":8,"minecraft:furnace":10,"minecraft:cobbled_deepslate":5,"minecraft:iron_ore":85,"minecraft:fire":29,"minecraft:gold_block":1,"minecraft:bell":2,"minecraft:potatoes":2,"minecraft:dirt_path":1,"minecraft:cobblestone_slab":3,"minecraft:deepslate_iron_ore":85,"minecraft:vine":3,"minecraft:oak_stairs":101,"minecraft:stone":165,"minecraft:glass_pane":6,"minecraft:jungle_door":19,"minecraft:kelp_plant":5,"minecraft:oak_fence":8,"minecraft:crafting_table":18,"minecraft:torch":4,"minecraft:short_grass":70,"minecraft:chest":10,"minecraft:white_stained_glass_pane":17,"minecraft:dead_bush":3,"minecraft:tall_grass":6,"minecraft:cobblestone":511,"minecraft:deepslate_gold_ore":57,"minecraft:sugar_cane":18,"minecraft:oak_planks":66,"minecraft:diorite":22,"minecraft:wall_torch":11,"minecraft:seagrass":4,"minecraft:cobblestone_wall":2,"minecraft:wheat":14,"minecraft:yellow_bed":4,"minecraft:yellow_stained_glass_pane":16,"minecraft:oak_log":66,"minecraft:coal_ore":80,"minecraft:beetroots":2,"minecraft:gravel":22,"minecraft:sand":49,"minecraft:dirt":474,"minecraft:oak_leaves":15,"minecraft:fern":1,"minecraft:deepslate":276},"minecraft:used":{"minecraft:flint_and_steel":39,"minecraft:stone_shovel":122,"minecraft:ladder":1,"minecraft:chest":17,"minecraft:shield":86,"minecraft:iron_sword":90,"minecraft:bell":3,"minecraft:stone_hoe":28,"minecraft:oak_door":1,"minecraft:torch":58,"minecraft:brewing_stand":1,"minecraft:dirt":63,"minecraft:jungle_planks":3,"minecraft:carrot":9,"minecraft:jungle_trapdoor":2,"minecraft:tuff":41,"minecraft:oak_fence_gate":4,"minecraft:lava_bucket":1,"minecraft:iron_axe":254,"minecraft:golden_sword":33,"minecraft:oak_sapling":1,"minecraft:furnace":12,"minecraft:beetroot_seeds":6,"minecraft:potato":5,"minecraft:cooked_beef":13,"minecraft:cobbled_deepslate":6,"minecraft:wheat_seeds":8,"minecraft:water_bucket":9,"minecraft:diorite":2,"minecraft:cobblestone_stairs":112,"minecraft:oak_planks":139,"minecraft:stone_pickaxe":92,"minecraft:wooden_pickaxe":24,"minecraft:diamond_axe":38,"minecraft:mossy_cobblestone":42,"minecraft:golden_hoe":37,"minecraft:sand":12,"minecraft:crafting_table":21,"minecraft:white_bed":9,"minecraft:shears":1,"minecraft:diamond_pickaxe":991,"minecraft:diamond_shovel":506,"minecraft:bread":18,"minecraft:iron_pickaxe":487,"minecraft:gravel":1,"minecraft:stone_axe":55,"minecraft:cobblestone":447,"minecraft:cooked_porkchop":3,"minecraft:jungle_door":20,"minecraft:bucket":12,"minecraft:yellow_bed":4,"minecraft:oak_boat":6,"minecraft:experience_bottle":1},"minecraft:custom":{"minecraft:mob_kills":52,"minecraft:interact_with_crafting_table":47,"minecraft:bell_ring":13,"minecraft:leave_game":13,"minecraft:time_since_death":235927,"minecraft:climb_one_cm":9064,"minecraft:sprint_one_cm":347020,"minecraft:walk_one_cm":486946,"minecraft:damage_blocked_by_shield":1480,"minecraft:drop":62,"minecraft:talked_to_villager":3,"minecraft:play_time":235927,"minecraft:sneak_time":15135,"minecraft:walk_under_water_one_cm":30050,"minecraft:boat_one_cm":247120,"minecraft:jump":2374,"minecraft:walk_on_water_one_cm":26184,"minecraft:total_world_time":235927,"minecraft:interact_with_furnace":106,"minecraft:sleep_in_bed":4,"minecraft:time_since_rest":2734,"minecraft:damage_taken":1590,"minecraft:damage_dealt":7314,"minecraft:swim_one_cm":237909,"minecraft:fly_one_cm":367767,"minecraft:open_chest":90,"minecraft:crouch_one_cm":47417,"minecraft:fall_one_cm":58063},"minecraft:crafted":{"minecraft:oak_planks":264,"minecraft:stone_shovel":1,"minecraft:iron_nugget":1,"minecraft:furnace":2,"minecraft:jungle_trapdoor":4,"minecraft:cobblestone_stairs":68,"minecraft:diamond_shovel":1,"minecraft:diamond_helmet":1,"minecraft:diamond_leggings":1,"minecraft:iron_boots":2,"minecraft:iron_axe":1,"minecraft:stone_pickaxe":1,"minecraft:chest":7,"minecraft:diamond_boots":1,"minecraft:stone_hoe":1,"minecraft:wheat":162,"minecraft:cooked_beef":8,"minecraft:cooked_porkchop":2,"minecraft:diamond_axe":1,"minecraft:crafting_table":4,"minecraft:wooden_pickaxe":1,"minecraft:iron_helmet":1,"minecraft:iron_sword":1,"minecraft:bucket":2,"minecraft:hay_block":7,"minecraft:stone_axe":1,"minecraft:bread":42,"minecraft:air":0,"minecraft:jungle_planks":48,"minecraft:oak_fence_gate":4,"minecraft:oak_boat":1,"minecraft:jungle_door":3,"minecraft:iron_chestplate":1,"minecraft:diamond_pickaxe":1,"minecraft:shield":1,"minecraft:stick":60,"minecraft:iron_ingot":170,"minecraft:iron_pickaxe":2,"minecraft:iron_leggings":1,"minecraft:gold_ingot":66,"minecraft:torch":60,"minecraft:shears":1,"minecraft:diamond_chestplate":1,"minecraft:golden_hoe":1},"minecraft:picked_up":{"minecraft:cocoa_beans":5,"minecraft:crafting_table":20,"minecraft:wheat":8,"minecraft:chicken":1,"minecraft:ladder":10,"minecraft:oak_stairs":101,"minecraft:gold_block":1,"minecraft:brewing_stand":2,"minecraft:shield":1,"minecraft:iron_leggings":1,"minecraft:beetroot":2,"minecraft:cobbled_deepslate":100,"minecraft:beef":15,"minecraft:oak_boat":7,"minecraft:cobblestone_slab":5,"minecraft:poppy":1,"minecraft:sugar_cane":39,"minecraft:chest":10,"minecraft:furnace":14,"minecraft:stick":9,"minecraft:raw_iron":170,"minecraft:jungle_door":21,"minecraft:oak_door":11,"minecraft:oak_fence":6,"minecraft:torch":41,"minecraft:porkchop":5,"minecraft:diorite":10,"minecraft:carrot":14,"minecraft:rotten_flesh":3,"minecraft:arrow":2,"minecraft:beetroot_seeds":6,"minecraft:hay_block":36,"minecraft:gold_ingot":1,"minecraft:obsidian":10,"minecraft:white_wool":32,"minecraft:cobblestone":678,"minecraft:feather":2,"minecraft:cooked_beef":22,"minecraft:salmon":4,"minecraft:jungle_log":12,"minecraft:leather":17,"minecraft:potato":5,"minecraft:tuff":45,"minecraft:oak_log":66,"minecraft:yellow_bed":4,"minecraft:cobblestone_wall":2,"minecraft:cobblestone_stairs":47,"minecraft:dirt":655,"minecraft:bone":3,"minecraft:wheat_seeds":31,"minecraft:raw_gold":56,"minecraft:bell":3,"minecraft:iron_ingot":4,"minecraft:oak_planks":65,"minecraft:cooked_porkchop":4,"minecraft:gravel":5,"minecraft:sand":44,"minecraft:ink_sac":2,"minecraft:white_bed":9,"minecraft:crying_obsidian":1,"minecraft:mossy_cobblestone":64,"minecraft:diamond":57,"minecraft:iron_helmet":1,"minecraft:granite":1,"minecraft:bread":17,"minecraft:coal":198}},"DataVersion":3955}