{"stats":{"minecraft:killed":{"minecraft:spider":2,"minecraft:skeleton":5,"minecraft:pig":2,"minecraft:zombie_villager":1,"minecraft:salmon":2,"minecraft:squid":1,"minecraft:zombie":14,"minecraft:cow":7},"minecraft:used":{"minecraft:flint_and_steel":19,"minecraft:stone_shovel":122,"minecraft:shield":86,"minecraft:iron_sword":50,"minecraft:torch":4,"minecraft:dirt":40,"minecraft:jungle_planks":3,"minecraft:tuff":41,"minecraft:lava_bucket":1,"minecraft:iron_axe":6,"minecraft:golden_sword":33,"minecraft:furnace":10,"minecraft:cooked_beef":10,"minecraft:cobbled_deepslate":1,"minecraft:water_bucket":9,"minecraft:diorite":2,"minecraft:stone_pickaxe":92,"minecraft:wooden_pickaxe":24,"minecraft:sand":12,"minecraft:crafting_table":15,"minecraft:diamond_pickaxe":292,"minecraft:bread":8,"minecraft:iron_pickaxe":487,"minecraft:gravel":1,"minecraft:stone_axe":55,"minecraft:cobblestone":47,"minecraft:cooked_porkchop":2,"minecraft:jungle_door":20,"minecraft:bucket":12,"minecraft:oak_boat":2,"minecraft:experience_bottle":1},"minecraft:crafted":{"minecraft:oak_planks":28,"minecraft:stone_shovel":1,"minecraft:iron_nugget":1,"minecraft:furnace":2,"minecraft:diamond_helmet":1,"minecraft:iron_boots":2,"minecraft:diamond_leggings":1,"minecraft:iron_axe":1,"minecraft:stone_pickaxe":1,"minecraft:diamond_boots":1,"minecraft:cooked_beef":8,"minecraft:cooked_porkchop":2,"minecraft:crafting_table":2,"minecraft:iron_helmet":1,"minecraft:wooden_pickaxe":1,"minecraft:iron_sword":1,"minecraft:bucket":2,"minecraft:stone_axe":1,"minecraft:air":0,"minecraft:jungle_planks":48,"minecraft:oak_boat":1,"minecraft:jungle_door":3,"minecraft:iron_chestplate":1,"minecraft:diamond_pickaxe":1,"minecraft:shield":1,"minecraft:stick":20,"minecraft:iron_ingot":170,"minecraft:iron_pickaxe":2,"minecraft:iron_leggings":1,"minecraft:gold_ingot":66,"minecraft:torch":4},"minecraft:custom":{"minecraft:mob_kills":37,"minecraft:interact_with_crafting_table":27,"minecraft:leave_game":13,"minecraft:time_since_death":127968,"minecraft:climb_one_cm":1227,"minecraft:sprint_one_cm":101084,"minecraft:walk_one_cm":161570,"minecraft:damage_blocked_by_shield":1480,"minecraft:drop":42,"minecraft:play_time":127968,"minecraft:sneak_time":7800,"minecraft:walk_under_water_one_cm":22171,"minecraft:boat_one_cm":162783,"minecraft:jump":1200,"minecraft:walk_on_water_one_cm":18274,"minecraft:total_world_time":127968,"minecraft:interact_with_furnace":101,"minecraft:time_since_rest":127968,"minecraft:damage_taken":1284,"minecraft:damage_dealt":5299,"minecraft:swim_one_cm":209141,"minecraft:fly_one_cm":139687,"minecraft:open_chest":6,"minecraft:crouch_one_cm":14607,"minecraft:fall_one_cm":26626},"minecraft:picked_up":{"minecraft:cocoa_beans":5,"minecraft:crafting_table":15,"minecraft:gold_block":1,"minecraft:shield":1,"minecraft:iron_leggings":1,"minecraft:cobbled_deepslate":95,"minecraft:beef":15,"minecraft:oak_boat":3,"minecraft:chest":1,"minecraft:furnace":12,"minecraft:raw_iron":170,"minecraft:stick":9,"minecraft:jungle_door":19,"minecraft:torch":3,"minecraft:porkchop":2,"minecraft:diorite":10,"minecraft:arrow":2,"minecraft:rotten_flesh":3,"minecraft:cobblestone":164,"minecraft:cooked_beef":3,"minecraft:salmon":4,"minecraft:jungle_log":12,"minecraft:leather":5,"minecraft:tuff":45,"minecraft:oak_log":7,"minecraft:dirt":115,"minecraft:bone":3,"minecraft:raw_gold":56,"minecraft:gravel":4,"minecraft:sand":44,"minecraft:ink_sac":2,"minecraft:diamond":57,"minecraft:iron_helmet":1,"minecraft:granite":1,"minecraft:coal":198},"minecraft:mined":{"minecraft:diamond_ore":6,"minecraft:tuff":46,"minecraft:deepslate_diamond_ore":51,"minecraft:jungle_leaves":3,"minecraft:granite":3,"minecraft:grass_block":10,"minecraft:jungle_log":12,"minecraft:sandstone":1,"minecraft:furnace":10,"minecraft:iron_ore":85,"minecraft:fire":9,"minecraft:gold_block":1,"minecraft:vine":3,"minecraft:deepslate_iron_ore":85,"minecraft:stone":158,"minecraft:jungle_door":19,"minecraft:crafting_table":15,"minecraft:short_grass":7,"minecraft:chest":1,"minecraft:dead_bush":3,"minecraft:cobblestone":1,"minecraft:deepslate_gold_ore":57,"minecraft:diorite":22,"minecraft:wall_torch":2,"minecraft:oak_log":7,"minecraft:coal_ore":80,"minecraft:sand":48,"minecraft:gravel":19,"minecraft:dirt":105,"minecraft:oak_leaves":8,"minecraft:deepslate":276,"minecraft:fern":1},"minecraft:broken":{"minecraft:golden_sword":1,"minecraft:iron_pickaxe":1},"minecraft:dropped":{"minecraft:lapis_lazuli":10,"minecraft:iron_helmet":2,"minecraft:feather":5,"minecraft:granite":1,"minecraft:coal":1,"minecraft:stick":1,"minecraft:torch":2,"minecraft:iron_leggings":2,"minecraft:gold_nugget":1,"minecraft:sand":32,"minecraft:iron_pickaxe":1,"minecraft:paper":9,"minecraft:gravel":3,"minecraft:furnace":2,"minecraft:stone_axe":1,"minecraft:iron_nugget":8,"minecraft:cobbled_deepslate":24,"minecraft:cocoa_beans":5,"minecraft:tuff":4,"minecraft:stone_shovel":1,"minecraft:rotten_flesh":3,"minecraft:iron_boots":1,"minecraft:salmon":4,"minecraft:carrot":5,"minecraft:filled_map":1,"minecraft:shield":1,"minecraft:gunpowder":2,"minecraft:leather_boots":1,"minecraft:oak_boat":1,"minecraft:arrow":2,"minecraft:stone_pickaxe":1,"minecraft:beef":1}},"DataVersion":3955}