{"stats":{"minecraft:killed":{"minecraft:spider":2,"minecraft:skeleton":5,"minecraft:pig":4,"minecraft:zombie_villager":1,"minecraft:salmon":2,"minecraft:squid":1,"minecraft:zombie":14,"minecraft:cow":17},"minecraft:used":{"minecraft:flint_and_steel":39,"minecraft:stone_shovel":122,"minecraft:shield":86,"minecraft:iron_sword":90,"minecraft:torch":5,"minecraft:dirt":40,"minecraft:jungle_planks":3,"minecraft:tuff":41,"minecraft:lava_bucket":1,"minecraft:iron_axe":25,"minecraft:golden_sword":33,"minecraft:oak_sapling":1,"minecraft:furnace":10,"minecraft:cooked_beef":12,"minecraft:cobbled_deepslate":5,"minecraft:water_bucket":9,"minecraft:diorite":2,"minecraft:cobblestone_stairs":8,"minecraft:stone_pickaxe":92,"minecraft:wooden_pickaxe":24,"minecraft:mossy_cobblestone":3,"minecraft:golden_hoe":37,"minecraft:sand":12,"minecraft:crafting_table":18,"minecraft:shears":1,"minecraft:diamond_pickaxe":478,"minecraft:bread":11,"minecraft:iron_pickaxe":487,"minecraft:gravel":1,"minecraft:stone_axe":55,"minecraft:cobblestone":231,"minecraft:cooked_porkchop":3,"minecraft:jungle_door":20,"minecraft:bucket":12,"minecraft:oak_boat":6,"minecraft:experience_bottle":1},"minecraft:crafted":{"minecraft:oak_planks":28,"minecraft:stone_shovel":1,"minecraft:iron_nugget":1,"minecraft:furnace":2,"minecraft:diamond_helmet":1,"minecraft:iron_boots":2,"minecraft:diamond_leggings":1,"minecraft:iron_axe":1,"minecraft:stone_pickaxe":1,"minecraft:diamond_boots":1,"minecraft:cooked_beef":8,"minecraft:cooked_porkchop":2,"minecraft:crafting_table":2,"minecraft:iron_helmet":1,"minecraft:wooden_pickaxe":1,"minecraft:iron_sword":1,"minecraft:bucket":2,"minecraft:stone_axe":1,"minecraft:bread":9,"minecraft:air":0,"minecraft:jungle_planks":48,"minecraft:oak_boat":1,"minecraft:jungle_door":3,"minecraft:iron_chestplate":1,"minecraft:diamond_pickaxe":1,"minecraft:shield":1,"minecraft:stick":24,"minecraft:iron_ingot":170,"minecraft:iron_pickaxe":2,"minecraft:iron_leggings":1,"minecraft:gold_ingot":66,"minecraft:torch":4,"minecraft:shears":1,"minecraft:golden_hoe":1},"minecraft:custom":{"minecraft:mob_kills":50,"minecraft:interact_with_crafting_table":30,"minecraft:leave_game":13,"minecraft:time_since_death":157951,"minecraft:climb_one_cm":1227,"minecraft:sprint_one_cm":221532,"minecraft:walk_one_cm":228704,"minecraft:damage_blocked_by_shield":1480,"minecraft:drop":58,"minecraft:play_time":157951,"minecraft:sneak_time":9436,"minecraft:walk_under_water_one_cm":30050,"minecraft:boat_one_cm":247120,"minecraft:jump":1858,"minecraft:walk_on_water_one_cm":26143,"minecraft:total_world_time":157951,"minecraft:interact_with_furnace":101,"minecraft:time_since_rest":157951,"minecraft:damage_taken":1410,"minecraft:damage_dealt":6274,"minecraft:swim_one_cm":237909,"minecraft:fly_one_cm":280402,"minecraft:open_chest":11,"minecraft:crouch_one_cm":21647,"minecraft:fall_one_cm":44430},"minecraft:picked_up":{"minecraft:cocoa_beans":5,"minecraft:crafting_table":19,"minecraft:gold_block":1,"minecraft:shield":1,"minecraft:iron_leggings":1,"minecraft:cobbled_deepslate":95,"minecraft:beef":15,"minecraft:oak_boat":7,"minecraft:cobblestone_slab":1,"minecraft:sugar_cane":39,"minecraft:chest":1,"minecraft:furnace":14,"minecraft:raw_iron":170,"minecraft:stick":9,"minecraft:jungle_door":21,"minecraft:torch":3,"minecraft:porkchop":5,"minecraft:diorite":10,"minecraft:arrow":2,"minecraft:rotten_flesh":3,"minecraft:hay_block":36,"minecraft:gold_ingot":1,"minecraft:obsidian":10,"minecraft:white_wool":32,"minecraft:cobblestone":296,"minecraft:cooked_beef":22,"minecraft:salmon":4,"minecraft:jungle_log":12,"minecraft:leather":17,"minecraft:tuff":45,"minecraft:oak_log":7,"minecraft:cobblestone_stairs":9,"minecraft:dirt":135,"minecraft:bone":3,"minecraft:wheat_seeds":3,"minecraft:raw_gold":56,"minecraft:oak_planks":1,"minecraft:cooked_porkchop":4,"minecraft:gravel":5,"minecraft:sand":44,"minecraft:ink_sac":2,"minecraft:crying_obsidian":1,"minecraft:mossy_cobblestone":19,"minecraft:diamond":57,"minecraft:iron_helmet":1,"minecraft:granite":1,"minecraft:coal":198},"minecraft:mined":{"minecraft:diamond_ore":6,"minecraft:crying_obsidian":1,"minecraft:tuff":46,"minecraft:spruce_planks":3,"minecraft:mossy_cobblestone":20,"minecraft:deepslate_diamond_ore":51,"minecraft:cobblestone_stairs":9,"minecraft:jungle_leaves":3,"minecraft:brewing_stand":1,"minecraft:obsidian":10,"minecraft:granite":3,"minecraft:grass_block":24,"minecraft:jungle_log":12,"minecraft:composter":1,"minecraft:kelp":2,"minecraft:sandstone":1,"minecraft:hay_block":36,"minecraft:tall_seagrass":4,"minecraft:furnace":10,"minecraft:iron_ore":85,"minecraft:fire":29,"minecraft:gold_block":1,"minecraft:cobblestone_slab":1,"minecraft:vine":3,"minecraft:deepslate_iron_ore":85,"minecraft:stone":158,"minecraft:jungle_door":19,"minecraft:kelp_plant":5,"minecraft:oak_fence":8,"minecraft:crafting_table":17,"minecraft:short_grass":62,"minecraft:chest":1,"minecraft:white_stained_glass_pane":3,"minecraft:dead_bush":3,"minecraft:tall_grass":4,"minecraft:cobblestone":135,"minecraft:deepslate_gold_ore":57,"minecraft:oak_planks":2,"minecraft:sugar_cane":18,"minecraft:diorite":22,"minecraft:wall_torch":2,"minecraft:seagrass":4,"minecraft:yellow_stained_glass_pane":3,"minecraft:oak_log":7,"minecraft:coal_ore":80,"minecraft:sand":49,"minecraft:gravel":22,"minecraft:dirt":105,"minecraft:oak_leaves":15,"minecraft:deepslate":276,"minecraft:fern":1},"minecraft:broken":{"minecraft:golden_hoe":1,"minecraft:golden_sword":1,"minecraft:iron_pickaxe":1},"minecraft:dropped":{"minecraft:porkchop":3,"minecraft:lapis_lazuli":10,"minecraft:crafting_table":2,"minecraft:cooked_porkchop":2,"minecraft:iron_helmet":2,"minecraft:feather":5,"minecraft:granite":1,"minecraft:coal":1,"minecraft:stick":1,"minecraft:cobblestone_stairs":1,"minecraft:dirt":31,"minecraft:diorite":8,"minecraft:torch":2,"minecraft:jungle_door":2,"minecraft:iron_leggings":2,"minecraft:gold_nugget":1,"minecraft:sand":32,"minecraft:iron_pickaxe":1,"minecraft:paper":9,"minecraft:gold_ingot":2,"minecraft:gravel":4,"minecraft:furnace":4,"minecraft:stone_axe":1,"minecraft:iron_nugget":8,"minecraft:cobbled_deepslate":30,"minecraft:cocoa_beans":5,"minecraft:tuff":4,"minecraft:stone_shovel":1,"minecraft:rotten_flesh":3,"minecraft:iron_boots":1,"minecraft:salmon":4,"minecraft:carrot":5,"minecraft:filled_map":1,"minecraft:cobblestone_slab":1,"minecraft:shield":1,"minecraft:gunpowder":2,"minecraft:leather_boots":1,"minecraft:oak_boat":1,"minecraft:arrow":2,"minecraft:stone_pickaxe":1,"minecraft:beef":1,"minecraft:crying_obsidian":1}},"DataVersion":3955}