{"stats":{"minecraft:custom":{"minecraft:interact_with_furnace":14,"minecraft:mob_kills":14,"minecraft:interact_with_crafting_table":13,"minecraft:leave_game":4,"minecraft:time_since_death":47887,"minecraft:climb_one_cm":1227,"minecraft:time_since_rest":47887,"minecraft:sprint_one_cm":43792,"minecraft:damage_taken":421,"minecraft:walk_one_cm":43452,"minecraft:damage_blocked_by_shield":160,"minecraft:drop":10,"minecraft:damage_dealt":1711,"minecraft:swim_one_cm":207058,"minecraft:fly_one_cm":91119,"minecraft:open_chest":6,"minecraft:crouch_one_cm":3787,"minecraft:play_time":47887,"minecraft:sneak_time":3319,"minecraft:walk_under_water_one_cm":20192,"minecraft:boat_one_cm":162783,"minecraft:jump":582,"minecraft:walk_on_water_one_cm":13199,"minecraft:total_world_time":47887,"minecraft:fall_one_cm":17080},"minecraft:used":{"minecraft:stone_shovel":122,"minecraft:stone_pickaxe":92,"minecraft:shield":10,"minecraft:wooden_pickaxe":24,"minecraft:dirt":16,"minecraft:sand":2,"minecraft:crafting_table":7,"minecraft:jungle_planks":3,"minecraft:bread":6,"minecraft:iron_pickaxe":23,"minecraft:stone_axe":48,"minecraft:golden_sword":13,"minecraft:cobblestone":1,"minecraft:furnace":2,"minecraft:cooked_porkchop":2,"minecraft:jungle_door":20,"minecraft:bucket":1,"minecraft:oak_boat":2,"minecraft:cooked_beef":1},"minecraft:killed":{"minecraft:pig":1,"minecraft:salmon":2,"minecraft:squid":1,"minecraft:skeleton":2,"minecraft:zombie":1,"minecraft:cow":7},"minecraft:mined":{"minecraft:jungle_door":19,"minecraft:jungle_leaves":3,"minecraft:crafting_table":7,"minecraft:granite":1,"minecraft:short_grass":6,"minecraft:grass_block":10,"minecraft:chest":1,"minecraft:jungle_log":12,"minecraft:dead_bush":3,"minecraft:cobblestone":1,"minecraft:furnace":2,"minecraft:iron_ore":24,"minecraft:gold_block":1,"minecraft:coal_ore":44,"minecraft:oak_log":7,"minecraft:vine":3,"minecraft:sand":47,"minecraft:dirt":100,"minecraft:stone":65,"minecraft:oak_leaves":6,"minecraft:fern":1},"minecraft:dropped":{"minecraft:cocoa_beans":5,"minecraft:stone_shovel":1,"minecraft:feather":5,"minecraft:salmon":4,"minecraft:carrot":5,"minecraft:shield":1,"minecraft:oak_boat":1,"minecraft:arrow":2,"minecraft:stone_pickaxe":1},"minecraft:picked_up":{"minecraft:cocoa_beans":5,"minecraft:crafting_table":7,"minecraft:cooked_beef":1,"minecraft:salmon":4,"minecraft:jungle_log":12,"minecraft:leather":5,"minecraft:gold_block":1,"minecraft:oak_log":7,"minecraft:shield":1,"minecraft:dirt":110,"minecraft:beef":14,"minecraft:oak_boat":3,"minecraft:chest":1,"minecraft:furnace":2,"minecraft:raw_iron":24,"minecraft:stick":8,"minecraft:jungle_door":19,"minecraft:porkchop":2,"minecraft:sand":44,"minecraft:ink_sac":2,"minecraft:arrow":2,"minecraft:coal":89,"minecraft:cobblestone":69},"minecraft:crafted":{"minecraft:cooked_beef":8,"minecraft:oak_planks":28,"minecraft:stone_shovel":1,"minecraft:cooked_porkchop":2,"minecraft:crafting_table":2,"minecraft:wooden_pickaxe":1,"minecraft:furnace":1,"minecraft:bucket":1,"minecraft:stone_axe":1,"minecraft:air":0,"minecraft:jungle_planks":48,"minecraft:oak_boat":1,"minecraft:jungle_door":3,"minecraft:shield":1,"minecraft:stick":12,"minecraft:iron_ingot":6,"minecraft:iron_pickaxe":1,"minecraft:stone_pickaxe":1,"minecraft:gold_ingot":1}},"DataVersion":3955}