{"stats":{"minecraft:custom":{"minecraft:time_since_rest":14602,"minecraft:play_time":14602,"minecraft:sprint_one_cm":11454,"minecraft:damage_taken":50,"minecraft:walk_one_cm":3452,"minecraft:walk_under_water_one_cm":823,"minecraft:boat_one_cm":382604,"minecraft:jump":100,"minecraft:time_since_death":14602,"minecraft:walk_on_water_one_cm":221,"minecraft:total_world_time":14602,"minecraft:climb_one_cm":37,"minecraft:swim_one_cm":1034,"minecraft:interact_with_crafting_table":1,"minecraft:fall_one_cm":3135,"minecraft:fly_one_cm":28147},"minecraft:used":{"minecraft:jungle_boat":1,"minecraft:crafting_table":1},"minecraft:mined":{"minecraft:vine":1,"minecraft:jungle_log":6},"minecraft:picked_up":{"minecraft:jungle_log":6,"minecraft:kelp":1},"minecraft:crafted":{"minecraft:crafting_table":1,"minecraft:jungle_boat":1,"minecraft:jungle_planks":24}},"DataVersion":3955}