{"stats":{"minecraft:custom":{"minecraft:time_since_rest":26602,"minecraft:sprint_one_cm":45653,"minecraft:damage_taken":95,"minecraft:walk_one_cm":27053,"minecraft:swim_one_cm":8466,"minecraft:interact_with_crafting_table":2,"minecraft:fly_one_cm":165393,"minecraft:open_chest":8,"minecraft:play_time":26602,"minecraft:walk_under_water_one_cm":1316,"minecraft:boat_one_cm":394776,"minecraft:jump":586,"minecraft:interact_with_blast_furnace":1,"minecraft:walk_on_water_one_cm":1340,"minecraft:time_since_death":26602,"minecraft:climb_one_cm":37,"minecraft:total_world_time":26602,"minecraft:fall_one_cm":17099},"minecraft:used":{"minecraft:bread":3,"minecraft:iron_pickaxe":24,"minecraft:iron_helmet":1,"minecraft:sandstone":9,"minecraft:cut_sandstone":1,"minecraft:jungle_boat":1,"minecraft:crafting_table":2},"minecraft:mined":{"minecraft:hay_block":79,"minecraft:cut_sandstone":3,"minecraft:stone_pressure_plate":1,"minecraft:wheat":3,"minecraft:chiseled_sandstone":1,"minecraft:orange_terracotta":1,"minecraft:tnt":9,"minecraft:vine":1,"minecraft:jungle_log":6,"minecraft:sand":1,"minecraft:sandstone":9},"minecraft:picked_up":{"minecraft:sandstone":9,"minecraft:wheat":3,"minecraft:jungle_log":6,"minecraft:cut_sandstone":2,"minecraft:chiseled_sandstone":1,"minecraft:stone_pressure_plate":1,"minecraft:orange_terracotta":1,"minecraft:tnt":9,"minecraft:cactus":1,"minecraft:kelp":1,"minecraft:wheat_seeds":10,"minecraft:hay_block":79},"minecraft:crafted":{"minecraft:crafting_table":2,"minecraft:jungle_boat":1,"minecraft:bread":64,"minecraft:jungle_planks":24,"minecraft:wheat":216}},"DataVersion":3955}