{"stats":{"minecraft:custom":{"minecraft:interact_with_furnace":20,"minecraft:mob_kills":5,"minecraft:interact_with_crafting_table":12,"minecraft:leave_game":5,"minecraft:time_since_death":100675,"minecraft:sleep_in_bed":1,"minecraft:climb_one_cm":37,"minecraft:time_since_rest":720,"minecraft:sprint_one_cm":140373,"minecraft:damage_taken":899,"minecraft:walk_one_cm":143406,"minecraft:damage_blocked_by_shield":62,"minecraft:drop":8,"minecraft:damage_dealt":467,"minecraft:swim_one_cm":32234,"minecraft:fly_one_cm":371128,"minecraft:open_chest":48,"minecraft:play_time":143955,"minecraft:deaths":1,"minecraft:sneak_time":2,"minecraft:walk_under_water_one_cm":24371,"minecraft:boat_one_cm":400235,"minecraft:jump":1739,"minecraft:interact_with_blast_furnace":1,"minecraft:walk_on_water_one_cm":23669,"minecraft:total_world_time":143955,"minecraft:fall_one_cm":50794},"minecraft:picked_up":{"minecraft:iron_chestplate":1,"minecraft:wheat":3,"minecraft:glow_ink_sac":14,"minecraft:jungle_log":6,"minecraft:cut_sandstone":2,"minecraft:shield":1,"minecraft:lapis_lazuli":21,"minecraft:dirt":24,"minecraft:iron_axe":1,"minecraft:orange_terracotta":1,"minecraft:iron_leggings":1,"minecraft:bone":27,"minecraft:acacia_planks":16,"minecraft:kelp":1,"minecraft:wheat_seeds":11,"minecraft:cobbled_deepslate":12,"minecraft:raw_gold":64,"minecraft:grindstone":1,"minecraft:iron_ingot":30,"minecraft:acacia_fence_gate":1,"minecraft:oak_boat":1,"minecraft:iron_pickaxe":1,"minecraft:sugar_cane":19,"minecraft:iron_sword":1,"minecraft:iron_boots":1,"minecraft:furnace":3,"minecraft:stick":5,"minecraft:raw_iron":49,"minecraft:sandstone":9,"minecraft:acacia_log":3,"minecraft:diorite":1,"minecraft:chiseled_sandstone":1,"minecraft:stone_pressure_plate":1,"minecraft:tnt":9,"minecraft:cactus":1,"minecraft:arrow":2,"minecraft:rotten_flesh":2,"minecraft:diamond":2,"minecraft:iron_helmet":1,"minecraft:hay_block":79,"minecraft:granite":12,"minecraft:bread":119,"minecraft:emerald":5,"minecraft:melon_seeds":3,"minecraft:coal":76,"minecraft:cobblestone":14},"minecraft:killed_by":{"minecraft:creeper":1},"minecraft:mined":{"minecraft:cut_sandstone":3,"minecraft:stone_pressure_plate":1,"minecraft:orange_terracotta":1,"minecraft:granite":1,"minecraft:short_grass":4,"minecraft:acacia_log":3,"minecraft:grass_block":23,"minecraft:jungle_log":6,"minecraft:deepslate_gold_ore":15,"minecraft:grindstone":1,"minecraft:sugar_cane":10,"minecraft:diorite":1,"minecraft:sandstone":9,"minecraft:hay_block":79,"minecraft:furnace":3,"minecraft:iron_ore":25,"minecraft:wheat":3,"minecraft:chiseled_sandstone":1,"minecraft:tnt":9,"minecraft:vine":1,"minecraft:sand":1,"minecraft:stone":13,"minecraft:gold_ore":14,"minecraft:oak_leaves":1,"minecraft:deepslate":6},"minecraft:killed":{"minecraft:skeleton":3,"minecraft:zombie":1},"minecraft:crafted":{"minecraft:crafting_table":2,"minecraft:jungle_boat":1,"minecraft:iron_sword":1,"minecraft:acacia_stairs":4,"minecraft:bread":64,"minecraft:air":0,"minecraft:jungle_planks":24,"minecraft:iron_boots":1,"minecraft:iron_chestplate":1,"minecraft:shield":1,"minecraft:stick":4,"minecraft:iron_ingot":6,"minecraft:iron_leggings":1,"minecraft:acacia_planks":12,"minecraft:wheat":216},"minecraft:used":{"minecraft:shield":1,"minecraft:sandstone":9,"minecraft:iron_sword":12,"minecraft:cut_sandstone":1,"minecraft:sugar_cane":9,"minecraft:jungle_boat":1,"minecraft:crafting_table":2,"minecraft:acacia_stairs":3,"minecraft:bread":17,"minecraft:iron_pickaxe":106,"minecraft:iron_helmet":1,"minecraft:cobblestone":13,"minecraft:oak_boat":2},"minecraft:dropped":{"minecraft:bread":3,"minecraft:kelp":1,"minecraft:diamond":3,"minecraft:grindstone":1}},"DataVersion":3955}