{"stats":{"minecraft:custom":{"minecraft:jump":92,"minecraft:time_since_rest":2602,"minecraft:damage_taken":50,"minecraft:sprint_one_cm":10552,"minecraft:play_time":2602,"minecraft:walk_on_water_one_cm":221,"minecraft:time_since_death":2602,"minecraft:walk_one_cm":2865,"minecraft:total_world_time":2602,"minecraft:walk_under_water_one_cm":823,"minecraft:swim_one_cm":1034,"minecraft:fall_one_cm":2926,"minecraft:fly_one_cm":25693},"minecraft:mined":{"minecraft:vine":1,"minecraft:jungle_log":6},"minecraft:picked_up":{"minecraft:jungle_log":6},"minecraft:crafted":{"minecraft:jungle_planks":24}},"DataVersion":3955}