{"stats":{"minecraft:custom":{"minecraft:mob_kills":45,"minecraft:interact_with_crafting_table":27,"minecraft:leave_game":1,"minecraft:time_since_death":84090,"minecraft:climb_one_cm":494,"minecraft:sprint_one_cm":181095,"minecraft:walk_one_cm":178121,"minecraft:damage_blocked_by_shield":799,"minecraft:drop":9,"minecraft:play_time":84090,"minecraft:sneak_time":2441,"minecraft:walk_under_water_one_cm":16025,"minecraft:boat_one_cm":2840,"minecraft:jump":1671,"minecraft:walk_on_water_one_cm":13890,"minecraft:total_world_time":84090,"minecraft:interact_with_furnace":37,"minecraft:sleep_in_bed":3,"minecraft:time_since_rest":8777,"minecraft:damage_taken":791,"minecraft:damage_dealt":6618,"minecraft:swim_one_cm":32398,"minecraft:fly_one_cm":375269,"minecraft:open_chest":53,"minecraft:crouch_one_cm":5367,"minecraft:fall_one_cm":35841,"minecraft:horse_one_cm":6650},"minecraft:broken":{"minecraft:iron_shovel":1,"minecraft:golden_axe":1},"minecraft:used":{"minecraft:blue_terracotta":1,"minecraft:acacia_log":5,"minecraft:iron_shovel":389,"minecraft:shield":31,"minecraft:chest":8,"minecraft:cooked_chicken":2,"minecraft:rotten_flesh":5,"minecraft:iron_chestplate":1,"minecraft:dirt":2,"minecraft:carrot":42,"minecraft:granite":6,"minecraft:iron_hoe":44,"minecraft:iron_axe":169,"minecraft:jungle_log":2,"minecraft:iron_helmet":1,"minecraft:iron_boots":1,"minecraft:furnace":14,"minecraft:stone_pressure_plate":1,"minecraft:golden_axe":33,"minecraft:iron_leggings":1,"minecraft:golden_boots":1,"minecraft:cooked_mutton":4,"minecraft:acacia_boat":1,"minecraft:water_bucket":124,"minecraft:stone_pickaxe":59,"minecraft:wooden_pickaxe":21,"minecraft:sandstone":1,"minecraft:cut_sandstone":4,"minecraft:jungle_boat":1,"minecraft:sand":12,"minecraft:crafting_table":7,"minecraft:white_bed":2,"minecraft:oak_log":7,"minecraft:iron_pickaxe":123,"minecraft:stone_axe":56,"minecraft:cobblestone":23,"minecraft:cooked_porkchop":8,"minecraft:bucket":125,"minecraft:andesite":2,"minecraft:gray_wool":1,"minecraft:bone_meal":81},"minecraft:killed":{"minecraft:spider":7,"minecraft:skeleton":8,"minecraft:chicken":2,"minecraft:husk":1,"minecraft:pig":6,"minecraft:creeper":1,"minecraft:sheep":11,"minecraft:zombie":8},"minecraft:mined":{"minecraft:stone_pressure_plate":1,"minecraft:white_bed":1,"minecraft:granite":4,"minecraft:acacia_log":105,"minecraft:grass_block":3,"minecraft:jungle_log":11,"minecraft:sandstone":1,"minecraft:furnace":5,"minecraft:carrots":35,"minecraft:iron_ore":49,"minecraft:andesite":3,"minecraft:gold_block":1,"minecraft:vine":1,"minecraft:stone":99,"minecraft:green_bed":1,"minecraft:cut_sandstone":6,"minecraft:acacia_leaves":5,"minecraft:crafting_table":6,"minecraft:short_grass":12,"minecraft:chest":1,"minecraft:dead_bush":1,"minecraft:sugar_cane":4,"minecraft:diorite":1,"minecraft:cactus":5,"minecraft:lime_bed":3,"minecraft:blue_terracotta":1,"minecraft:tnt":9,"minecraft:coal_ore":14,"minecraft:oak_log":24,"minecraft:sand":383,"minecraft:dirt":11,"minecraft:terracotta":1},"minecraft:dropped":{"minecraft:wheat_seeds":1,"minecraft:feather":1,"minecraft:stick":1,"minecraft:bucket":1,"minecraft:stone_axe":2,"minecraft:rotten_flesh":1,"minecraft:stone_pressure_plate":1,"minecraft:stone_pickaxe":1},"minecraft:picked_up":{"minecraft:crafting_table":6,"minecraft:chicken":2,"minecraft:gold_block":1,"minecraft:string":3,"minecraft:bucket":1,"minecraft:chest":1,"minecraft:sugar_cane":10,"minecraft:furnace":5,"minecraft:egg":1,"minecraft:raw_iron":49,"minecraft:stick":1,"minecraft:sandstone":1,"minecraft:acacia_log":102,"minecraft:torch":1,"minecraft:green_bed":1,"minecraft:porkchop":15,"minecraft:diorite":1,"minecraft:carrot":130,"minecraft:stone_pressure_plate":2,"minecraft:tnt":9,"minecraft:cactus":8,"minecraft:arrow":7,"minecraft:rotten_flesh":7,"minecraft:mutton":17,"minecraft:white_wool":9,"minecraft:cobblestone":101,"minecraft:lime_bed":3,"minecraft:feather":1,"minecraft:jungle_log":11,"minecraft:andesite":3,"minecraft:cut_sandstone":6,"minecraft:oak_log":24,"minecraft:dirt":14,"minecraft:bone":8,"minecraft:wheat_seeds":3,"minecraft:rabbit_hide":1,"minecraft:iron_ingot":1,"minecraft:rabbit":1,"minecraft:sand":383,"minecraft:white_bed":1,"minecraft:spider_eye":2,"minecraft:blue_terracotta":1,"minecraft:stone_axe":1,"minecraft:granite":6,"minecraft:gray_wool":2,"minecraft:terracotta":1,"minecraft:coal":20},"minecraft:crafted":{"minecraft:oak_planks":44,"minecraft:cooked_chicken":2,"minecraft:furnace":9,"minecraft:bone_meal":81,"minecraft:cooked_mutton":14,"minecraft:iron_boots":1,"minecraft:iron_axe":1,"minecraft:iron_hoe":1,"minecraft:stone_pickaxe":1,"minecraft:chest":7,"minecraft:cooked_porkchop":15,"minecraft:crafting_table":1,"minecraft:jungle_boat":1,"minecraft:wooden_pickaxe":1,"minecraft:iron_helmet":1,"minecraft:bucket":1,"minecraft:acacia_button":1,"minecraft:stone_axe":1,"minecraft:acacia_boat":4,"minecraft:air":0,"minecraft:jungle_planks":36,"minecraft:iron_chestplate":1,"minecraft:charcoal":32,"minecraft:shield":1,"minecraft:stick":20,"minecraft:iron_ingot":36,"minecraft:iron_pickaxe":1,"minecraft:iron_shovel":2,"minecraft:iron_leggings":1,"minecraft:white_bed":1,"minecraft:acacia_planks":132,"minecraft:torch":4}},"DataVersion":3955}