{"stats":{"minecraft:custom":{"minecraft:interact_with_furnace":21,"minecraft:mob_kills":40,"minecraft:interact_with_crafting_table":12,"minecraft:time_since_death":36120,"minecraft:climb_one_cm":494,"minecraft:time_since_rest":36120,"minecraft:sprint_one_cm":75817,"minecraft:damage_taken":591,"minecraft:walk_one_cm":54993,"minecraft:damage_blocked_by_shield":799,"minecraft:drop":3,"minecraft:damage_dealt":5977,"minecraft:swim_one_cm":19142,"minecraft:fly_one_cm":159560,"minecraft:open_chest":4,"minecraft:crouch_one_cm":3652,"minecraft:play_time":36120,"minecraft:sneak_time":1718,"minecraft:walk_under_water_one_cm":7109,"minecraft:jump":777,"minecraft:walk_on_water_one_cm":3048,"minecraft:total_world_time":36120,"minecraft:fall_one_cm":18917},"minecraft:used":{"minecraft:cooked_mutton":4,"minecraft:water_bucket":97,"minecraft:stone_pickaxe":59,"minecraft:wooden_pickaxe":21,"minecraft:shield":31,"minecraft:cooked_chicken":2,"minecraft:rotten_flesh":5,"minecraft:iron_chestplate":1,"minecraft:sand":6,"minecraft:crafting_table":5,"minecraft:granite":6,"minecraft:iron_axe":40,"minecraft:iron_pickaxe":23,"minecraft:jungle_log":2,"minecraft:iron_helmet":1,"minecraft:iron_boots":1,"minecraft:stone_axe":56,"minecraft:cobblestone":22,"minecraft:furnace":4,"minecraft:bucket":98,"minecraft:andesite":2,"minecraft:gray_wool":1,"minecraft:iron_leggings":1},"minecraft:killed":{"minecraft:pig":6,"minecraft:spider":7,"minecraft:creeper":1,"minecraft:sheep":8,"minecraft:skeleton":8,"minecraft:zombie":7,"minecraft:chicken":2},"minecraft:mined":{"minecraft:crafting_table":5,"minecraft:granite":4,"minecraft:short_grass":5,"minecraft:jungle_log":11,"minecraft:furnace":4,"minecraft:iron_ore":40,"minecraft:andesite":3,"minecraft:coal_ore":11,"minecraft:vine":1,"minecraft:sand":6,"minecraft:stone":34},"minecraft:dropped":{"minecraft:stone_axe":1,"minecraft:wheat_seeds":1,"minecraft:feather":1},"minecraft:picked_up":{"minecraft:crafting_table":5,"minecraft:feather":1,"minecraft:chicken":2,"minecraft:jungle_log":11,"minecraft:andesite":3,"minecraft:string":1,"minecraft:bone":8,"minecraft:wheat_seeds":1,"minecraft:iron_ingot":1,"minecraft:furnace":4,"minecraft:raw_iron":40,"minecraft:porkchop":15,"minecraft:sand":6,"minecraft:carrot":2,"minecraft:spider_eye":2,"minecraft:arrow":7,"minecraft:rotten_flesh":6,"minecraft:stone_axe":1,"minecraft:granite":6,"minecraft:gray_wool":1,"minecraft:mutton":13,"minecraft:coal":15,"minecraft:white_wool":7,"minecraft:cobblestone":36},"minecraft:crafted":{"minecraft:crafting_table":1,"minecraft:cooked_chicken":2,"minecraft:wooden_pickaxe":1,"minecraft:iron_helmet":1,"minecraft:furnace":1,"minecraft:bucket":1,"minecraft:stone_axe":1,"minecraft:cooked_mutton":4,"minecraft:air":0,"minecraft:jungle_planks":36,"minecraft:iron_boots":1,"minecraft:iron_chestplate":1,"minecraft:shield":1,"minecraft:iron_axe":1,"minecraft:stick":12,"minecraft:iron_ingot":34,"minecraft:iron_pickaxe":1,"minecraft:stone_pickaxe":1,"minecraft:iron_leggings":1,"minecraft:torch":4}},"DataVersion":3955}