{"stats":{"minecraft:custom":{"minecraft:time_since_rest":6120,"minecraft:open_chest":4,"minecraft:crouch_one_cm":1572,"minecraft:play_time":6120,"minecraft:sprint_one_cm":17965,"minecraft:damage_taken":185,"minecraft:walk_one_cm":4286,"minecraft:sneak_time":800,"minecraft:jump":139,"minecraft:damage_dealt":267,"minecraft:time_since_death":6120,"minecraft:total_world_time":6120,"minecraft:climb_one_cm":366,"minecraft:interact_with_crafting_table":1,"minecraft:fall_one_cm":2334,"minecraft:fly_one_cm":23705},"minecraft:used":{"minecraft:sand":6,"minecraft:crafting_table":1,"minecraft:jungle_log":2},"minecraft:mined":{"minecraft:vine":1,"minecraft:jungle_log":11,"minecraft:sand":6},"minecraft:picked_up":{"minecraft:jungle_log":11,"minecraft:sand":6},"minecraft:crafted":{"minecraft:crafting_table":1,"minecraft:stick":4,"minecraft:wooden_pickaxe":1,"minecraft:jungle_planks":36}},"DataVersion":3955}