{"stats":{"minecraft:killed_by":{"minecraft:creeper":1,"minecraft:slime":1,"minecraft:skeleton":2,"minecraft:zombie":1},"minecraft:broken":{"minecraft:iron_shovel":1,"minecraft:stone_pickaxe":1,"minecraft:golden_axe":1,"minecraft:iron_axe":1},"minecraft:killed":{"minecraft:spider":7,"minecraft:skeleton":9,"minecraft:chicken":2,"minecraft:husk":1,"minecraft:pig":6,"minecraft:iron_golem":2,"minecraft:creeper":1,"minecraft:sheep":12,"minecraft:zombie":17},"minecraft:dropped":{"minecraft:wheat_seeds":2,"minecraft:feather":1,"minecraft:stick":1,"minecraft:bucket":1,"minecraft:stone_axe":2,"minecraft:rotten_flesh":1,"minecraft:stone_pressure_plate":1,"minecraft:bamboo":1,"minecraft:stone_pickaxe":1},"minecraft:used":{"minecraft:blue_terracotta":1,"minecraft:acacia_log":5,"minecraft:iron_shovel":421,"minecraft:chest":8,"minecraft:shield":45,"minecraft:cooked_chicken":2,"minecraft:rotten_flesh":5,"minecraft:iron_chestplate":1,"minecraft:torch":9,"minecraft:dirt":15,"minecraft:mutton":4,"minecraft:carrot":42,"minecraft:tuff":20,"minecraft:granite":6,"minecraft:iron_hoe":44,"minecraft:iron_axe":209,"minecraft:jungle_log":2,"minecraft:iron_helmet":1,"minecraft:iron_boots":1,"minecraft:diamond_chestplate":1,"minecraft:oak_sapling":1,"minecraft:furnace":19,"minecraft:stone_pressure_plate":1,"minecraft:acacia_planks":48,"minecraft:cobbled_deepslate":301,"minecraft:golden_axe":33,"minecraft:iron_leggings":1,"minecraft:golden_boots":1,"minecraft:cooked_mutton":4,"minecraft:acacia_boat":1,"minecraft:water_bucket":149,"minecraft:diorite":5,"minecraft:stone_pickaxe":230,"minecraft:wooden_pickaxe":66,"minecraft:sandstone":1,"minecraft:cut_sandstone":4,"minecraft:diamond_axe":1,"minecraft:jungle_boat":4,"minecraft:golden_apple":1,"minecraft:sand":16,"minecraft:crafting_table":18,"minecraft:white_bed":2,"minecraft:oak_log":7,"minecraft:diamond_pickaxe":308,"minecraft:acacia_door":6,"minecraft:bread":13,"minecraft:iron_pickaxe":373,"minecraft:gravel":3,"minecraft:stone_axe":115,"minecraft:cobblestone":73,"minecraft:cooked_porkchop":14,"minecraft:bucket":152,"minecraft:andesite":36,"minecraft:gray_wool":1,"minecraft:bone_meal":81},"minecraft:mined":{"minecraft:tuff":20,"minecraft:stone_pressure_plate":1,"minecraft:white_bed":1,"minecraft:deepslate_diamond_ore":78,"minecraft:obsidian":10,"minecraft:granite":14,"minecraft:acacia_log":133,"minecraft:grass_block":5,"minecraft:jungle_log":11,"minecraft:sandstone":4,"minecraft:hay_block":20,"minecraft:furnace":10,"minecraft:carrots":35,"minecraft:iron_ore":66,"minecraft:cobbled_deepslate":5,"minecraft:andesite":43,"minecraft:gold_block":1,"minecraft:deepslate_iron_ore":4,"minecraft:vine":1,"minecraft:bamboo":7,"minecraft:stone":265,"minecraft:green_bed":1,"minecraft:deepslate_redstone_ore":19,"minecraft:cut_sandstone":6,"minecraft:acacia_leaves":8,"minecraft:crafting_table":17,"minecraft:torch":5,"minecraft:short_grass":22,"minecraft:chest":1,"minecraft:dead_bush":1,"minecraft:sugar_cane":4,"minecraft:diorite":7,"minecraft:wall_torch":2,"minecraft:seagrass":2,"minecraft:cactus":5,"minecraft:lime_bed":3,"minecraft:blue_terracotta":1,"minecraft:tnt":9,"minecraft:coal_ore":84,"minecraft:oak_log":24,"minecraft:acacia_door":6,"minecraft:gravel":3,"minecraft:sand":388,"minecraft:dirt":26,"minecraft:terracotta":1,"minecraft:acacia_planks":19,"minecraft:oak_leaves":5,"minecraft:deepslate":305},"minecraft:crafted":{"minecraft:oak_planks":44,"minecraft:cooked_chicken":2,"minecraft:furnace":13,"minecraft:stone":24,"minecraft:bone_meal":81,"minecraft:cooked_mutton":14,"minecraft:glass_pane":128,"minecraft:glass":120,"minecraft:bow":1,"minecraft:diamond_helmet":2,"minecraft:diamond_leggings":2,"minecraft:iron_boots":1,"minecraft:iron_axe":2,"minecraft:iron_hoe":1,"minecraft:stone_pickaxe":3,"minecraft:chest":7,"minecraft:diamond_boots":2,"minecraft:rail":16,"minecraft:wheat":180,"minecraft:minecart":1,"minecraft:cooked_porkchop":15,"minecraft:diamond_axe":1,"minecraft:crafting_table":4,"minecraft:jungle_boat":1,"minecraft:acacia_slab":18,"minecraft:powered_rail":6,"minecraft:wooden_pickaxe":2,"minecraft:iron_helmet":1,"minecraft:acacia_trapdoor":12,"minecraft:bucket":3,"minecraft:acacia_button":1,"minecraft:stone_axe":2,"minecraft:bread":60,"minecraft:acacia_boat":4,"minecraft:air":0,"minecraft:jungle_planks":36,"minecraft:dispenser":1,"minecraft:iron_chestplate":1,"minecraft:charcoal":70,"minecraft:diamond_pickaxe":2,"minecraft:shield":3,"minecraft:stick":48,"minecraft:stone_slab":24,"minecraft:iron_ingot":56,"minecraft:iron_pickaxe":3,"minecraft:iron_shovel":2,"minecraft:acacia_door":3,"minecraft:iron_leggings":1,"minecraft:white_bed":1,"minecraft:redstone_torch":1,"minecraft:composter":2,"minecraft:acacia_planks":188,"minecraft:torch":8,"minecraft:diamond_chestplate":2},"minecraft:picked_up":{"minecraft:crafting_table":18,"minecraft:chicken":2,"minecraft:wooden_pickaxe":1,"minecraft:gold_block":1,"minecraft:shield":1,"minecraft:string":3,"minecraft:acacia_door":6,"minecraft:diamond_leggings":1,"minecraft:cobbled_deepslate":313,"minecraft:bucket":1,"minecraft:poppy":1,"minecraft:iron_pickaxe":1,"minecraft:chest":1,"minecraft:sugar_cane":10,"minecraft:egg":1,"minecraft:furnace":11,"minecraft:stick":3,"minecraft:raw_iron":82,"minecraft:sandstone":7,"minecraft:green_bed":1,"minecraft:torch":10,"minecraft:acacia_log":133,"minecraft:porkchop":15,"minecraft:diorite":7,"minecraft:carrot":130,"minecraft:redstone":111,"minecraft:stone_pressure_plate":2,"minecraft:tnt":9,"minecraft:diamond_chestplate":1,"minecraft:rotten_flesh":20,"minecraft:arrow":11,"minecraft:cactus":8,"minecraft:diamond_boots":1,"minecraft:hay_block":20,"minecraft:obsidian":10,"minecraft:mutton":19,"minecraft:white_wool":10,"minecraft:cobblestone":290,"minecraft:jungle_boat":4,"minecraft:lime_bed":3,"minecraft:feather":1,"minecraft:water_bucket":1,"minecraft:glow_ink_sac":1,"minecraft:jungle_log":11,"minecraft:andesite":43,"minecraft:cut_sandstone":6,"minecraft:tuff":20,"minecraft:oak_log":24,"minecraft:dirt":31,"minecraft:bone":10,"minecraft:acacia_planks":18,"minecraft:wheat_seeds":4,"minecraft:rabbit_hide":1,"minecraft:iron_ingot":10,"minecraft:stone_pickaxe":1,"minecraft:diamond_helmet":1,"minecraft:rabbit":1,"minecraft:bamboo":141,"minecraft:gravel":3,"minecraft:sand":389,"minecraft:white_bed":1,"minecraft:spider_eye":2,"minecraft:blue_terracotta":1,"minecraft:diamond":89,"minecraft:stone_axe":2,"minecraft:granite":16,"minecraft:gray_wool":2,"minecraft:bread":52,"minecraft:terracotta":1,"minecraft:oak_sapling":1,"minecraft:coal":232,"minecraft:diamond_pickaxe":1},"minecraft:custom":{"minecraft:mob_kills":60,"minecraft:interact_with_crafting_table":63,"minecraft:leave_game":3,"minecraft:time_since_death":7966,"minecraft:climb_one_cm":2323,"minecraft:sprint_one_cm":446502,"minecraft:walk_one_cm":364440,"minecraft:damage_blocked_by_shield":1273,"minecraft:drop":11,"minecraft:talked_to_villager":1,"minecraft:play_time":210189,"minecraft:deaths":5,"minecraft:sneak_time":9133,"minecraft:walk_under_water_one_cm":74173,"minecraft:boat_one_cm":32524,"minecraft:jump":4583,"minecraft:walk_on_water_one_cm":88852,"minecraft:total_world_time":210189,"minecraft:interact_with_furnace":83,"minecraft:sleep_in_bed":4,"minecraft:time_since_rest":7997,"minecraft:damage_taken":3186,"minecraft:damage_absorbed":41,"minecraft:damage_dealt":11006,"minecraft:swim_one_cm":141787,"minecraft:fly_one_cm":1045420,"minecraft:open_chest":128,"minecraft:crouch_one_cm":16087,"minecraft:fall_one_cm":116247,"minecraft:horse_one_cm":6650}},"DataVersion":3955}