{"stats":{"minecraft:killed_by":{"minecraft:creeper":1,"minecraft:skeleton":1,"minecraft:zombie":1},"minecraft:broken":{"minecraft:iron_shovel":1,"minecraft:stone_pickaxe":1,"minecraft:golden_axe":1,"minecraft:iron_axe":1},"minecraft:killed":{"minecraft:spider":7,"minecraft:skeleton":8,"minecraft:chicken":2,"minecraft:husk":1,"minecraft:pig":6,"minecraft:iron_golem":1,"minecraft:creeper":1,"minecraft:sheep":12,"minecraft:zombie":16},"minecraft:dropped":{"minecraft:wheat_seeds":1,"minecraft:feather":1,"minecraft:stick":1,"minecraft:bucket":1,"minecraft:stone_axe":2,"minecraft:rotten_flesh":1,"minecraft:stone_pressure_plate":1,"minecraft:stone_pickaxe":1},"minecraft:used":{"minecraft:blue_terracotta":1,"minecraft:acacia_log":5,"minecraft:iron_shovel":421,"minecraft:chest":8,"minecraft:shield":40,"minecraft:cooked_chicken":2,"minecraft:rotten_flesh":5,"minecraft:iron_chestplate":1,"minecraft:torch":6,"minecraft:dirt":12,"minecraft:mutton":2,"minecraft:carrot":42,"minecraft:tuff":20,"minecraft:granite":6,"minecraft:iron_hoe":44,"minecraft:iron_axe":209,"minecraft:jungle_log":2,"minecraft:iron_helmet":1,"minecraft:iron_boots":1,"minecraft:diamond_chestplate":1,"minecraft:oak_sapling":1,"minecraft:furnace":18,"minecraft:stone_pressure_plate":1,"minecraft:acacia_planks":48,"minecraft:cobbled_deepslate":301,"minecraft:golden_axe":33,"minecraft:iron_leggings":1,"minecraft:golden_boots":1,"minecraft:cooked_mutton":4,"minecraft:acacia_boat":1,"minecraft:water_bucket":148,"minecraft:diorite":5,"minecraft:stone_pickaxe":230,"minecraft:wooden_pickaxe":66,"minecraft:sandstone":1,"minecraft:cut_sandstone":4,"minecraft:diamond_axe":1,"minecraft:jungle_boat":1,"minecraft:sand":12,"minecraft:crafting_table":17,"minecraft:white_bed":2,"minecraft:oak_log":7,"minecraft:diamond_pickaxe":225,"minecraft:acacia_door":6,"minecraft:bread":3,"minecraft:iron_pickaxe":373,"minecraft:gravel":3,"minecraft:stone_axe":72,"minecraft:cobblestone":71,"minecraft:cooked_porkchop":14,"minecraft:bucket":150,"minecraft:andesite":36,"minecraft:gray_wool":1,"minecraft:bone_meal":81},"minecraft:mined":{"minecraft:tuff":20,"minecraft:stone_pressure_plate":1,"minecraft:white_bed":1,"minecraft:deepslate_diamond_ore":78,"minecraft:obsidian":10,"minecraft:granite":14,"minecraft:acacia_log":124,"minecraft:grass_block":4,"minecraft:jungle_log":11,"minecraft:sandstone":1,"minecraft:hay_block":20,"minecraft:furnace":9,"minecraft:carrots":35,"minecraft:iron_ore":65,"minecraft:cobbled_deepslate":5,"minecraft:andesite":43,"minecraft:gold_block":1,"minecraft:deepslate_iron_ore":4,"minecraft:vine":1,"minecraft:stone":201,"minecraft:green_bed":1,"minecraft:deepslate_redstone_ore":19,"minecraft:cut_sandstone":6,"minecraft:acacia_leaves":5,"minecraft:crafting_table":16,"minecraft:torch":2,"minecraft:short_grass":18,"minecraft:chest":1,"minecraft:dead_bush":1,"minecraft:sugar_cane":4,"minecraft:diorite":7,"minecraft:wall_torch":2,"minecraft:cactus":5,"minecraft:lime_bed":3,"minecraft:blue_terracotta":1,"minecraft:tnt":9,"minecraft:coal_ore":79,"minecraft:oak_log":24,"minecraft:acacia_door":6,"minecraft:gravel":3,"minecraft:sand":383,"minecraft:dirt":20,"minecraft:terracotta":1,"minecraft:acacia_planks":19,"minecraft:oak_leaves":3,"minecraft:deepslate":305},"minecraft:crafted":{"minecraft:oak_planks":44,"minecraft:cooked_chicken":2,"minecraft:furnace":12,"minecraft:bone_meal":81,"minecraft:cooked_mutton":14,"minecraft:diamond_helmet":2,"minecraft:diamond_leggings":2,"minecraft:iron_boots":1,"minecraft:iron_axe":2,"minecraft:iron_hoe":1,"minecraft:stone_pickaxe":3,"minecraft:chest":7,"minecraft:diamond_boots":2,"minecraft:wheat":180,"minecraft:minecart":1,"minecraft:cooked_porkchop":15,"minecraft:diamond_axe":1,"minecraft:crafting_table":4,"minecraft:jungle_boat":1,"minecraft:acacia_slab":18,"minecraft:wooden_pickaxe":2,"minecraft:iron_helmet":1,"minecraft:acacia_trapdoor":12,"minecraft:bucket":2,"minecraft:acacia_button":1,"minecraft:stone_axe":2,"minecraft:bread":60,"minecraft:acacia_boat":4,"minecraft:air":0,"minecraft:jungle_planks":36,"minecraft:iron_chestplate":1,"minecraft:charcoal":70,"minecraft:diamond_pickaxe":2,"minecraft:shield":2,"minecraft:stick":44,"minecraft:iron_ingot":55,"minecraft:iron_pickaxe":3,"minecraft:iron_shovel":2,"minecraft:acacia_door":3,"minecraft:iron_leggings":1,"minecraft:white_bed":1,"minecraft:composter":2,"minecraft:acacia_planks":180,"minecraft:torch":8,"minecraft:diamond_chestplate":2},"minecraft:picked_up":{"minecraft:crafting_table":16,"minecraft:chicken":2,"minecraft:gold_block":1,"minecraft:string":3,"minecraft:acacia_door":6,"minecraft:cobbled_deepslate":313,"minecraft:bucket":1,"minecraft:chest":1,"minecraft:sugar_cane":10,"minecraft:egg":1,"minecraft:furnace":9,"minecraft:stick":1,"minecraft:raw_iron":80,"minecraft:sandstone":1,"minecraft:green_bed":1,"minecraft:torch":5,"minecraft:acacia_log":121,"minecraft:porkchop":15,"minecraft:diorite":7,"minecraft:carrot":130,"minecraft:redstone":86,"minecraft:stone_pressure_plate":2,"minecraft:tnt":9,"minecraft:rotten_flesh":15,"minecraft:arrow":7,"minecraft:cactus":8,"minecraft:hay_block":20,"minecraft:obsidian":10,"minecraft:mutton":19,"minecraft:white_wool":10,"minecraft:cobblestone":203,"minecraft:lime_bed":3,"minecraft:feather":1,"minecraft:glow_ink_sac":1,"minecraft:jungle_log":11,"minecraft:andesite":43,"minecraft:cut_sandstone":6,"minecraft:tuff":20,"minecraft:oak_log":24,"minecraft:dirt":24,"minecraft:bone":10,"minecraft:acacia_planks":18,"minecraft:wheat_seeds":3,"minecraft:rabbit_hide":1,"minecraft:iron_ingot":7,"minecraft:rabbit":1,"minecraft:gravel":3,"minecraft:sand":383,"minecraft:white_bed":1,"minecraft:spider_eye":2,"minecraft:blue_terracotta":1,"minecraft:diamond":78,"minecraft:stone_axe":1,"minecraft:granite":16,"minecraft:gray_wool":2,"minecraft:terracotta":1,"minecraft:oak_sapling":1,"minecraft:coal":127},"minecraft:custom":{"minecraft:mob_kills":56,"minecraft:interact_with_crafting_table":50,"minecraft:leave_game":3,"minecraft:time_since_death":34430,"minecraft:climb_one_cm":494,"minecraft:sprint_one_cm":314777,"minecraft:walk_one_cm":289236,"minecraft:damage_blocked_by_shield":1048,"minecraft:drop":9,"minecraft:play_time":168189,"minecraft:deaths":3,"minecraft:sneak_time":8158,"minecraft:walk_under_water_one_cm":45484,"minecraft:boat_one_cm":2840,"minecraft:jump":3288,"minecraft:walk_on_water_one_cm":54673,"minecraft:total_world_time":168189,"minecraft:interact_with_furnace":63,"minecraft:sleep_in_bed":4,"minecraft:time_since_rest":34499,"minecraft:damage_taken":2378,"minecraft:damage_dealt":9373,"minecraft:swim_one_cm":103639,"minecraft:fly_one_cm":731142,"minecraft:open_chest":82,"minecraft:crouch_one_cm":15081,"minecraft:fall_one_cm":82942,"minecraft:horse_one_cm":6650}},"DataVersion":3955}