{"stats":{"minecraft:custom":{"minecraft:interact_with_smithing_table":1,"minecraft:mob_kills":28,"minecraft:interact_with_crafting_table":44,"minecraft:bell_ring":14,"minecraft:time_since_death":101431,"minecraft:climb_one_cm":452,"minecraft:sprint_one_cm":313158,"minecraft:walk_one_cm":298470,"minecraft:drop":127,"minecraft:talked_to_villager":111,"minecraft:play_time":101431,"minecraft:sneak_time":7548,"minecraft:walk_under_water_one_cm":1477,"minecraft:boat_one_cm":10990,"minecraft:jump":1512,"minecraft:walk_on_water_one_cm":7930,"minecraft:total_world_time":101431,"minecraft:interact_with_furnace":29,"minecraft:traded_with_villager":406,"minecraft:sleep_in_bed":1,"minecraft:time_since_rest":3812,"minecraft:damage_taken":258,"minecraft:damage_dealt":3729,"minecraft:swim_one_cm":1304,"minecraft:fly_one_cm":305938,"minecraft:open_chest":96,"minecraft:crouch_one_cm":22244,"minecraft:interact_with_smoker":5,"minecraft:fall_one_cm":31973},"minecraft:broken":{"minecraft:stone_axe":1},"minecraft:used":{"minecraft:iron_shovel":55,"minecraft:flint_and_steel":22,"minecraft:chest":7,"minecraft:iron_sword":64,"minecraft:torch":4,"minecraft:dirt":27,"minecraft:milk_bucket":1,"minecraft:lava_bucket":16,"minecraft:iron_axe":207,"minecraft:acacia_slab":15,"minecraft:golden_carrot":2,"minecraft:furnace":3,"minecraft:egg":4,"minecraft:cobbled_deepslate":17,"minecraft:acacia_planks":223,"minecraft:iron_leggings":1,"minecraft:wheat_seeds":1,"minecraft:water_bucket":28,"minecraft:acacia_trapdoor":8,"minecraft:stone_pickaxe":38,"minecraft:oak_planks":79,"minecraft:wooden_pickaxe":13,"minecraft:composter":2,"minecraft:fletching_table":4,"minecraft:sand":22,"minecraft:crafting_table":6,"minecraft:brown_banner":1,"minecraft:white_bed":15,"minecraft:smoker":1,"minecraft:string":1,"minecraft:bread":6,"minecraft:iron_pickaxe":54,"minecraft:map":1,"minecraft:lectern":6,"minecraft:gravel":74,"minecraft:stone_axe":130,"minecraft:cobblestone":2,"minecraft:cooked_porkchop":5,"minecraft:smithing_table":1,"minecraft:andesite":2,"minecraft:bucket":45,"minecraft:oak_boat":5,"minecraft:bone_meal":14},"minecraft:killed":{"minecraft:pig":10,"minecraft:iron_golem":2,"minecraft:sheep":8,"minecraft:cow":7},"minecraft:mined":{"minecraft:white_bed":1,"minecraft:acacia_log":179,"minecraft:grass_block":8,"minecraft:acacia_slab":10,"minecraft:composter":1,"minecraft:cartography_table":1,"minecraft:hay_block":26,"minecraft:furnace":2,"minecraft:acacia_trapdoor":4,"minecraft:iron_ore":19,"minecraft:fire":24,"minecraft:acacia_wood":18,"minecraft:acacia_stairs":3,"minecraft:andesite":2,"minecraft:fletching_table":1,"minecraft:deepslate_iron_ore":21,"minecraft:dirt_path":1,"minecraft:stone":21,"minecraft:tripwire":1,"minecraft:acacia_leaves":11,"minecraft:glass_pane":2,"minecraft:smoker":2,"minecraft:dandelion":1,"minecraft:crafting_table":5,"minecraft:short_grass":89,"minecraft:lectern":5,"minecraft:tall_grass":6,"minecraft:deepslate_gold_ore":1,"minecraft:oak_planks":18,"minecraft:wheat":2,"minecraft:oak_log":20,"minecraft:coal_ore":18,"minecraft:gravel":83,"minecraft:sand":2,"minecraft:dirt":17,"minecraft:acacia_planks":20,"minecraft:oak_leaves":2,"minecraft:deepslate":15,"minecraft:fern":2},"minecraft:dropped":{"minecraft:stone_hoe":12,"minecraft:iron_ingot":1,"minecraft:bread":207,"minecraft:porkchop":2,"minecraft:wheat_seeds":68,"minecraft:feather":4,"minecraft:cookie":144,"minecraft:cobblestone":2,"minecraft:brown_banner":7,"minecraft:acacia_trapdoor":1,"minecraft:stick":1,"minecraft:dirt":2,"minecraft:torch":8,"minecraft:cornflower":1,"minecraft:mutton":1,"minecraft:pumpkin_pie":44,"minecraft:acacia_door":2,"minecraft:string":2,"minecraft:white_wool":2,"minecraft:acacia_planks":1,"minecraft:dandelion":1,"minecraft:stone_axe":12,"minecraft:wheat":1,"minecraft:rotten_flesh":1,"minecraft:smoker":1,"minecraft:white_bed":1,"minecraft:acacia_stairs":4,"minecraft:suspicious_stew":13,"minecraft:acacia_slab":24,"minecraft:oak_sapling":2,"minecraft:acacia_sapling":6,"minecraft:spider_eye":1,"minecraft:arrow":3,"minecraft:bow":30,"minecraft:raw_gold":1,"minecraft:cartography_table":1},"minecraft:picked_up":{"minecraft:crafting_table":5,"minecraft:wheat":1,"minecraft:suspicious_stew":6,"minecraft:cornflower":1,"minecraft:string":4248,"minecraft:acacia_door":2,"minecraft:cartography_table":1,"minecraft:cobbled_deepslate":17,"minecraft:beef":4,"minecraft:oak_boat":5,"minecraft:poppy":2,"minecraft:lectern":5,"minecraft:chest":1,"minecraft:furnace":2,"minecraft:egg":4,"minecraft:stick":8,"minecraft:raw_iron":45,"minecraft:composter":1,"minecraft:torch":4,"minecraft:acacia_log":203,"minecraft:porkchop":11,"minecraft:rotten_flesh":1,"minecraft:arrow":3,"minecraft:hay_block":26,"minecraft:mutton":9,"minecraft:cobblestone":18,"minecraft:white_wool":12,"minecraft:cooked_beef":10,"minecraft:andesite":2,"minecraft:leather":8,"minecraft:smoker":2,"minecraft:acacia_wood":18,"minecraft:flint":9,"minecraft:oak_log":20,"minecraft:dirt":21,"minecraft:cooked_mutton":3,"minecraft:bone":5,"minecraft:acacia_planks":20,"minecraft:wheat_seeds":33,"minecraft:acacia_trapdoor":3,"minecraft:raw_gold":1,"minecraft:iron_ingot":5,"minecraft:cooked_chicken":1,"minecraft:fletching_table":1,"minecraft:acacia_sapling":11,"minecraft:oak_planks":24,"minecraft:cooked_porkchop":9,"minecraft:dandelion":1,"minecraft:gravel":74,"minecraft:sand":2,"minecraft:white_bed":2,"minecraft:acacia_stairs":3,"minecraft:acacia_slab":22,"minecraft:brown_banner":7,"minecraft:coal":33},"minecraft:crafted":{"minecraft:golden_carrot":57,"minecraft:cookie":144,"minecraft:oak_planks":80,"minecraft:furnace":1,"minecraft:bone_meal":21,"minecraft:suspicious_stew":7,"minecraft:cooked_mutton":9,"minecraft:flint_and_steel":1,"minecraft:bow":30,"minecraft:iron_boots":1,"minecraft:iron_axe":1,"minecraft:stone_pickaxe":1,"minecraft:chest":6,"minecraft:stone_hoe":12,"minecraft:wheat":234,"minecraft:cooked_beef":4,"minecraft:emerald":289,"minecraft:cooked_porkchop":11,"minecraft:crafting_table":2,"minecraft:acacia_slab":30,"minecraft:wooden_pickaxe":1,"minecraft:iron_helmet":1,"minecraft:iron_sword":1,"minecraft:acacia_trapdoor":6,"minecraft:smithing_table":1,"minecraft:fletching_table":3,"minecraft:bucket":1,"minecraft:stone_axe":13,"minecraft:enchanted_book":2,"minecraft:bread":174,"minecraft:air":0,"minecraft:oak_boat":1,"minecraft:white_wool":32,"minecraft:iron_chestplate":1,"minecraft:shield":1,"minecraft:stick":1088,"minecraft:iron_ingot":38,"minecraft:iron_pickaxe":1,"minecraft:iron_shovel":1,"minecraft:iron_leggings":1,"minecraft:white_bed":14,"minecraft:pumpkin_pie":44,"minecraft:composter":1,"minecraft:acacia_planks":884,"minecraft:torch":8}},"DataVersion":3955}