{"stats":{"minecraft:killed":{"minecraft:armadillo":1,"minecraft:skeleton":6,"minecraft:pig":10,"minecraft:iron_golem":3,"minecraft:sheep":8,"minecraft:zombie":3,"minecraft:cow":7},"minecraft:used":{"minecraft:enchanting_table":1,"minecraft:acacia_log":11,"minecraft:iron_shovel":55,"minecraft:flint_and_steel":46,"minecraft:chest":17,"minecraft:shield":14,"minecraft:iron_sword":121,"minecraft:bell":1,"minecraft:netherrack":62,"minecraft:torch":10,"minecraft:dirt":68,"minecraft:anvil":1,"minecraft:obsidian":10,"minecraft:milk_bucket":1,"minecraft:lava_bucket":16,"minecraft:iron_axe":647,"minecraft:acacia_slab":45,"minecraft:basalt":5,"minecraft:tripwire_hook":2,"minecraft:golden_carrot":24,"minecraft:furnace":4,"minecraft:egg":6,"minecraft:acacia_planks":493,"minecraft:cobbled_deepslate":122,"minecraft:iron_leggings":1,"minecraft:wheat_seeds":8,"minecraft:water_bucket":48,"minecraft:acacia_trapdoor":15,"minecraft:stone_pickaxe":38,"minecraft:oak_planks":81,"minecraft:wooden_pickaxe":13,"minecraft:composter":2,"minecraft:sugar_cane":4,"minecraft:fletching_table":8,"minecraft:sand":22,"minecraft:crafting_table":7,"minecraft:brown_banner":1,"minecraft:blast_furnace":1,"minecraft:white_bed":65,"minecraft:smoker":1,"minecraft:lever":1,"minecraft:diamond_pickaxe":448,"minecraft:diamond_shovel":6,"minecraft:bread":6,"minecraft:map":1,"minecraft:string":3,"minecraft:iron_pickaxe":141,"minecraft:lectern":102,"minecraft:gravel":74,"minecraft:stone_axe":130,"minecraft:cobblestone":47,"minecraft:cooked_porkchop":5,"minecraft:smithing_table":2,"minecraft:andesite":4,"minecraft:bucket":66,"minecraft:oak_boat":5,"minecraft:bone_meal":14},"minecraft:crafted":{"minecraft:golden_carrot":108,"minecraft:cookie":144,"minecraft:oak_planks":140,"minecraft:smooth_stone":3,"minecraft:chainmail_helmet":12,"minecraft:tripwire_hook":2,"minecraft:furnace":2,"minecraft:blast_furnace":1,"minecraft:stone":3,"minecraft:lever":1,"minecraft:bone_meal":21,"minecraft:diamond_shovel":4,"minecraft:bookshelf":3,"minecraft:cooked_mutton":9,"minecraft:suspicious_stew":7,"minecraft:flint_and_steel":1,"minecraft:diamond_helmet":2,"minecraft:diamond_leggings":2,"minecraft:bow":54,"minecraft:iron_boots":1,"minecraft:iron_axe":3,"minecraft:stone_pickaxe":1,"minecraft:chest":14,"minecraft:diamond_boots":2,"minecraft:stone_hoe":51,"minecraft:wheat":234,"minecraft:cooked_beef":4,"minecraft:diamond_sword":1,"minecraft:emerald":954,"minecraft:cooked_porkchop":11,"minecraft:crafting_table":3,"minecraft:enchanting_table":1,"minecraft:acacia_slab":54,"minecraft:wooden_pickaxe":1,"minecraft:iron_helmet":1,"minecraft:iron_sword":1,"minecraft:acacia_trapdoor":10,"minecraft:smithing_table":1,"minecraft:fletching_table":4,"minecraft:bucket":2,"minecraft:stone_axe":49,"minecraft:enchanted_book":5,"minecraft:bread":174,"minecraft:air":0,"minecraft:oak_boat":1,"minecraft:lectern":3,"minecraft:white_wool":193,"minecraft:iron_chestplate":1,"minecraft:diamond_pickaxe":1,"minecraft:shield":1,"minecraft:stick":1684,"minecraft:iron_ingot":44,"minecraft:chainmail_boots":12,"minecraft:iron_pickaxe":7,"minecraft:iron_shovel":1,"minecraft:iron_leggings":13,"minecraft:white_bed":55,"minecraft:pumpkin_pie":44,"minecraft:composter":1,"minecraft:acacia_planks":1648,"minecraft:torch":8,"minecraft:diamond_chestplate":2},"minecraft:picked_up":{"minecraft:iron_chestplate":1,"minecraft:crafting_table":5,"minecraft:wheat":1,"minecraft:suspicious_stew":6,"minecraft:smithing_table":1,"minecraft:cornflower":1,"minecraft:string":8678,"minecraft:acacia_door":2,"minecraft:flint_and_steel":1,"minecraft:iron_leggings":1,"minecraft:blackstone":5,"minecraft:cartography_table":1,"minecraft:cobbled_deepslate":187,"minecraft:beef":4,"minecraft:oak_boat":5,"minecraft:poppy":3,"minecraft:iron_pickaxe":1,"minecraft:lectern":99,"minecraft:sugar_cane":4,"minecraft:chest":5,"minecraft:egg":6,"minecraft:furnace":3,"minecraft:stick":8,"minecraft:raw_iron":83,"minecraft:composter":1,"minecraft:torch":10,"minecraft:acacia_log":392,"minecraft:porkchop":11,"minecraft:diorite":1,"minecraft:redstone":4,"minecraft:rotten_flesh":6,"minecraft:arrow":11,"minecraft:hay_block":26,"minecraft:armadillo_scute":1,"minecraft:mutton":9,"minecraft:obsidian":17,"minecraft:white_wool":12,"minecraft:cobblestone":118,"minecraft:basalt":5,"minecraft:cooked_beef":10,"minecraft:andesite":10,"minecraft:leather":8,"minecraft:smoker":2,"minecraft:acacia_wood":31,"minecraft:flint":10,"minecraft:tuff":17,"minecraft:oak_log":35,"minecraft:gunpowder":1,"minecraft:lapis_lazuli":34,"minecraft:dirt":78,"minecraft:cooked_mutton":3,"minecraft:bone":9,"minecraft:acacia_planks":75,"minecraft:bow":13,"minecraft:wheat_seeds":46,"minecraft:acacia_trapdoor":6,"minecraft:raw_gold":1,"minecraft:bell":1,"minecraft:iron_ingot":11,"minecraft:cooked_chicken":1,"minecraft:fletching_table":4,"minecraft:stone_hoe":2,"minecraft:oak_planks":41,"minecraft:acacia_sapling":12,"minecraft:cooked_porkchop":9,"minecraft:dandelion":1,"minecraft:gravel":81,"minecraft:sand":2,"minecraft:white_bed":15,"minecraft:acacia_stairs":7,"minecraft:diamond":31,"minecraft:granite":6,"minecraft:emerald":78,"minecraft:netherrack":121,"minecraft:brown_banner":7,"minecraft:acacia_slab":37,"minecraft:coal":33},"minecraft:custom":{"minecraft:interact_with_smithing_table":1,"minecraft:mob_kills":39,"minecraft:interact_with_anvil":1,"minecraft:inspect_hopper":13,"minecraft:interact_with_crafting_table":71,"minecraft:bell_ring":29,"minecraft:leave_game":6,"minecraft:time_since_death":265543,"minecraft:climb_one_cm":452,"minecraft:sprint_one_cm":714097,"minecraft:walk_one_cm":737259,"minecraft:damage_blocked_by_shield":450,"minecraft:drop":340,"minecraft:talked_to_villager":399,"minecraft:play_time":265543,"minecraft:sneak_time":22324,"minecraft:walk_under_water_one_cm":4916,"minecraft:boat_one_cm":10990,"minecraft:jump":3856,"minecraft:walk_on_water_one_cm":28149,"minecraft:total_world_time":265543,"minecraft:interact_with_furnace":36,"minecraft:traded_with_villager":1245,"minecraft:sleep_in_bed":8,"minecraft:time_since_rest":62488,"minecraft:damage_taken":1595,"minecraft:damage_dealt":6792,"minecraft:swim_one_cm":17231,"minecraft:fly_one_cm":783144,"minecraft:open_chest":306,"minecraft:crouch_one_cm":70556,"minecraft:interact_with_smoker":5,"minecraft:fall_one_cm":88471},"minecraft:mined":{"minecraft:tuff":17,"minecraft:white_bed":14,"minecraft:deepslate_diamond_ore":31,"minecraft:obsidian":17,"minecraft:granite":6,"minecraft:acacia_log":368,"minecraft:grass_block":27,"minecraft:acacia_slab":25,"minecraft:cartography_table":1,"minecraft:composter":1,"minecraft:hay_block":26,"minecraft:furnace":3,"minecraft:acacia_trapdoor":4,"minecraft:iron_ore":55,"minecraft:fire":47,"minecraft:acacia_wood":32,"minecraft:acacia_stairs":7,"minecraft:andesite":11,"minecraft:deepslate_lapis_ore":5,"minecraft:fletching_table":4,"minecraft:deepslate_iron_ore":23,"minecraft:dirt_path":5,"minecraft:stone":118,"minecraft:tripwire":1,"minecraft:smithing_table":1,"minecraft:acacia_leaves":29,"minecraft:glass_pane":5,"minecraft:blackstone":5,"minecraft:smoker":2,"minecraft:basalt":6,"minecraft:dandelion":1,"minecraft:crafting_table":5,"minecraft:short_grass":158,"minecraft:chest":4,"minecraft:lectern":99,"minecraft:tall_grass":14,"minecraft:cobblestone":1,"minecraft:deepslate_gold_ore":1,"minecraft:sugar_cane":2,"minecraft:oak_planks":31,"minecraft:diorite":1,"minecraft:seagrass":2,"minecraft:wheat":2,"minecraft:coal_ore":18,"minecraft:oak_log":36,"minecraft:sand":2,"minecraft:gravel":86,"minecraft:dirt":25,"minecraft:acacia_planks":73,"minecraft:netherrack":131,"minecraft:oak_leaves":4,"minecraft:fern":2,"minecraft:deepslate":178},"minecraft:broken":{"minecraft:iron_axe":1,"minecraft:stone_axe":1},"minecraft:dropped":{"minecraft:stone_hoe":53,"minecraft:bread":207,"minecraft:iron_ingot":1,"minecraft:porkchop":2,"minecraft:wheat_seeds":73,"minecraft:diamond_leggings":1,"minecraft:feather":4,"minecraft:cookie":144,"minecraft:cobblestone":45,"minecraft:iron_helmet":1,"minecraft:acacia_trapdoor":1,"minecraft:brown_banner":7,"minecraft:chainmail_helmet":12,"minecraft:flint":1,"minecraft:emerald":2,"minecraft:stick":1,"minecraft:dirt":5,"minecraft:diorite":1,"minecraft:golden_carrot":64,"minecraft:torch":8,"minecraft:cornflower":1,"minecraft:mutton":1,"minecraft:diamond_helmet":1,"minecraft:iron_leggings":15,"minecraft:pumpkin_pie":44,"minecraft:armadillo_scute":1,"minecraft:iron_axe":1,"minecraft:iron_pickaxe":6,"minecraft:acacia_door":2,"minecraft:string":103,"minecraft:white_wool":38,"minecraft:acacia_planks":1,"minecraft:bone":1,"minecraft:dandelion":1,"minecraft:gravel":3,"minecraft:stone_axe":48,"minecraft:cobbled_deepslate":1,"minecraft:tuff":17,"minecraft:wheat":1,"minecraft:rotten_flesh":6,"minecraft:iron_boots":2,"minecraft:smoker":1,"minecraft:diamond_shovel":4,"minecraft:white_bed":1,"minecraft:acacia_stairs":4,"minecraft:flint_and_steel":1,"minecraft:suspicious_stew":13,"minecraft:poppy":1,"minecraft:gunpowder":1,"minecraft:diamond_chestplate":1,"minecraft:iron_chestplate":2,"minecraft:andesite":6,"minecraft:chest":2,"minecraft:acacia_sapling":7,"minecraft:acacia_slab":24,"minecraft:chainmail_boots":12,"minecraft:oak_sapling":2,"minecraft:spider_eye":1,"minecraft:diamond_boots":1,"minecraft:wooden_pickaxe":2,"minecraft:arrow":6,"minecraft:stone_pickaxe":1,"minecraft:bow":67,"minecraft:raw_gold":1,"minecraft:cartography_table":1}},"DataVersion":3955}