{"stats":{"minecraft:custom":{"minecraft:interact_with_smithing_table":1,"minecraft:interact_with_anvil":1,"minecraft:mob_kills":31,"minecraft:inspect_hopper":11,"minecraft:interact_with_crafting_table":59,"minecraft:bell_ring":14,"minecraft:leave_game":1,"minecraft:time_since_death":137234,"minecraft:climb_one_cm":452,"minecraft:sprint_one_cm":389266,"minecraft:walk_one_cm":411746,"minecraft:damage_blocked_by_shield":25,"minecraft:drop":237,"minecraft:talked_to_villager":185,"minecraft:play_time":137234,"minecraft:sneak_time":9312,"minecraft:walk_under_water_one_cm":1501,"minecraft:boat_one_cm":10990,"minecraft:jump":1896,"minecraft:walk_on_water_one_cm":14058,"minecraft:total_world_time":137234,"minecraft:interact_with_furnace":31,"minecraft:traded_with_villager":726,"minecraft:sleep_in_bed":2,"minecraft:time_since_rest":26878,"minecraft:damage_taken":336,"minecraft:damage_dealt":4249,"minecraft:swim_one_cm":1304,"minecraft:fly_one_cm":396797,"minecraft:open_chest":164,"minecraft:crouch_one_cm":29391,"minecraft:interact_with_smoker":5,"minecraft:fall_one_cm":38218},"minecraft:broken":{"minecraft:iron_axe":1,"minecraft:stone_axe":1},"minecraft:used":{"minecraft:iron_shovel":55,"minecraft:flint_and_steel":29,"minecraft:chest":9,"minecraft:shield":1,"minecraft:iron_sword":78,"minecraft:torch":5,"minecraft:dirt":27,"minecraft:anvil":1,"minecraft:milk_bucket":1,"minecraft:lava_bucket":16,"minecraft:iron_axe":354,"minecraft:acacia_slab":19,"minecraft:tripwire_hook":2,"minecraft:golden_carrot":4,"minecraft:furnace":3,"minecraft:egg":4,"minecraft:cobbled_deepslate":17,"minecraft:acacia_planks":333,"minecraft:iron_leggings":1,"minecraft:wheat_seeds":1,"minecraft:water_bucket":29,"minecraft:acacia_trapdoor":12,"minecraft:stone_pickaxe":38,"minecraft:oak_planks":79,"minecraft:wooden_pickaxe":13,"minecraft:composter":2,"minecraft:fletching_table":6,"minecraft:sand":22,"minecraft:crafting_table":6,"minecraft:blast_furnace":1,"minecraft:brown_banner":1,"minecraft:white_bed":19,"minecraft:smoker":1,"minecraft:lever":1,"minecraft:diamond_shovel":6,"minecraft:string":3,"minecraft:bread":6,"minecraft:iron_pickaxe":64,"minecraft:map":1,"minecraft:lectern":6,"minecraft:gravel":74,"minecraft:stone_axe":130,"minecraft:cobblestone":2,"minecraft:cooked_porkchop":5,"minecraft:smithing_table":1,"minecraft:andesite":4,"minecraft:bucket":46,"minecraft:oak_boat":5,"minecraft:bone_meal":14},"minecraft:killed":{"minecraft:armadillo":1,"minecraft:skeleton":1,"minecraft:pig":10,"minecraft:iron_golem":2,"minecraft:sheep":8,"minecraft:zombie":1,"minecraft:cow":7},"minecraft:mined":{"minecraft:white_bed":1,"minecraft:acacia_log":287,"minecraft:grass_block":14,"minecraft:acacia_slab":10,"minecraft:composter":1,"minecraft:cartography_table":1,"minecraft:hay_block":26,"minecraft:furnace":3,"minecraft:acacia_trapdoor":4,"minecraft:iron_ore":19,"minecraft:fire":31,"minecraft:acacia_wood":23,"minecraft:acacia_stairs":7,"minecraft:andesite":8,"minecraft:fletching_table":2,"minecraft:deepslate_iron_ore":21,"minecraft:dirt_path":1,"minecraft:stone":24,"minecraft:tripwire":1,"minecraft:acacia_leaves":11,"minecraft:glass_pane":4,"minecraft:smoker":2,"minecraft:dandelion":1,"minecraft:crafting_table":5,"minecraft:short_grass":104,"minecraft:lectern":5,"minecraft:tall_grass":7,"minecraft:deepslate_gold_ore":1,"minecraft:oak_planks":18,"minecraft:wheat":2,"minecraft:oak_log":20,"minecraft:coal_ore":18,"minecraft:gravel":83,"minecraft:sand":2,"minecraft:dirt":17,"minecraft:acacia_planks":42,"minecraft:oak_leaves":2,"minecraft:deepslate":15,"minecraft:fern":2},"minecraft:dropped":{"minecraft:stone_hoe":46,"minecraft:iron_ingot":1,"minecraft:bread":207,"minecraft:porkchop":2,"minecraft:wheat_seeds":70,"minecraft:cobblestone":2,"minecraft:cookie":144,"minecraft:feather":4,"minecraft:brown_banner":7,"minecraft:acacia_trapdoor":1,"minecraft:emerald":1,"minecraft:stick":1,"minecraft:dirt":2,"minecraft:golden_carrot":64,"minecraft:torch":8,"minecraft:cornflower":1,"minecraft:mutton":1,"minecraft:iron_leggings":13,"minecraft:pumpkin_pie":44,"minecraft:iron_pickaxe":6,"minecraft:acacia_door":2,"minecraft:string":6,"minecraft:white_wool":2,"minecraft:acacia_planks":1,"minecraft:dandelion":1,"minecraft:stone_axe":48,"minecraft:wheat":1,"minecraft:rotten_flesh":4,"minecraft:smoker":1,"minecraft:white_bed":1,"minecraft:acacia_stairs":4,"minecraft:suspicious_stew":13,"minecraft:andesite":3,"minecraft:acacia_slab":24,"minecraft:oak_sapling":2,"minecraft:acacia_sapling":6,"minecraft:chest":2,"minecraft:spider_eye":1,"minecraft:arrow":3,"minecraft:bow":42,"minecraft:raw_gold":1,"minecraft:cartography_table":1},"minecraft:picked_up":{"minecraft:crafting_table":5,"minecraft:wheat":1,"minecraft:suspicious_stew":6,"minecraft:cornflower":1,"minecraft:string":6884,"minecraft:acacia_door":2,"minecraft:iron_leggings":1,"minecraft:cartography_table":1,"minecraft:cobbled_deepslate":17,"minecraft:beef":4,"minecraft:oak_boat":5,"minecraft:poppy":2,"minecraft:lectern":5,"minecraft:chest":1,"minecraft:furnace":3,"minecraft:egg":4,"minecraft:stick":8,"minecraft:raw_iron":45,"minecraft:composter":1,"minecraft:torch":7,"minecraft:acacia_log":311,"minecraft:porkchop":11,"minecraft:arrow":5,"minecraft:rotten_flesh":4,"minecraft:hay_block":26,"minecraft:mutton":9,"minecraft:white_wool":12,"minecraft:cobblestone":22,"minecraft:cooked_beef":10,"minecraft:andesite":7,"minecraft:leather":8,"minecraft:smoker":2,"minecraft:acacia_wood":22,"minecraft:flint":9,"minecraft:oak_log":20,"minecraft:dirt":34,"minecraft:cooked_mutton":3,"minecraft:bone":6,"minecraft:acacia_planks":42,"minecraft:wheat_seeds":35,"minecraft:acacia_trapdoor":5,"minecraft:raw_gold":1,"minecraft:iron_ingot":8,"minecraft:cooked_chicken":1,"minecraft:fletching_table":2,"minecraft:oak_planks":24,"minecraft:acacia_sapling":11,"minecraft:cooked_porkchop":9,"minecraft:dandelion":1,"minecraft:gravel":74,"minecraft:sand":2,"minecraft:white_bed":2,"minecraft:acacia_stairs":6,"minecraft:emerald":78,"minecraft:brown_banner":7,"minecraft:acacia_slab":22,"minecraft:coal":33},"minecraft:crafted":{"minecraft:golden_carrot":93,"minecraft:cookie":144,"minecraft:smooth_stone":3,"minecraft:oak_planks":80,"minecraft:tripwire_hook":2,"minecraft:furnace":1,"minecraft:blast_furnace":1,"minecraft:stone":3,"minecraft:bone_meal":21,"minecraft:lever":1,"minecraft:diamond_shovel":1,"minecraft:cooked_mutton":9,"minecraft:suspicious_stew":7,"minecraft:flint_and_steel":1,"minecraft:bow":42,"minecraft:iron_boots":1,"minecraft:iron_axe":2,"minecraft:stone_pickaxe":1,"minecraft:chest":14,"minecraft:stone_hoe":46,"minecraft:wheat":234,"minecraft:cooked_beef":4,"minecraft:emerald":496,"minecraft:cooked_porkchop":11,"minecraft:crafting_table":2,"minecraft:acacia_slab":36,"minecraft:wooden_pickaxe":1,"minecraft:iron_helmet":1,"minecraft:iron_sword":1,"minecraft:acacia_trapdoor":8,"minecraft:smithing_table":1,"minecraft:fletching_table":4,"minecraft:bucket":1,"minecraft:stone_axe":49,"minecraft:enchanted_book":2,"minecraft:bread":174,"minecraft:air":0,"minecraft:oak_boat":1,"minecraft:iron_chestplate":1,"minecraft:white_wool":49,"minecraft:shield":1,"minecraft:stick":1408,"minecraft:iron_ingot":44,"minecraft:iron_pickaxe":7,"minecraft:iron_shovel":1,"minecraft:iron_leggings":13,"minecraft:white_bed":19,"minecraft:pumpkin_pie":44,"minecraft:composter":1,"minecraft:acacia_planks":1332,"minecraft:torch":8}},"DataVersion":3955}