{"stats":{"minecraft:custom":{"minecraft:interact_with_furnace":19,"minecraft:mob_kills":16,"minecraft:interact_with_crafting_table":13,"minecraft:time_since_death":29431,"minecraft:climb_one_cm":452,"minecraft:time_since_rest":29431,"minecraft:sprint_one_cm":106739,"minecraft:damage_taken":160,"minecraft:walk_one_cm":50383,"minecraft:drop":6,"minecraft:damage_dealt":1360,"minecraft:fly_one_cm":90845,"minecraft:open_chest":4,"minecraft:crouch_one_cm":9678,"minecraft:play_time":29431,"minecraft:sneak_time":4076,"minecraft:walk_under_water_one_cm":1086,"minecraft:jump":599,"minecraft:walk_on_water_one_cm":212,"minecraft:total_world_time":29431,"minecraft:fall_one_cm":15365},"minecraft:used":{"minecraft:water_bucket":23,"minecraft:stone_pickaxe":38,"minecraft:oak_planks":26,"minecraft:wooden_pickaxe":13,"minecraft:iron_sword":5,"minecraft:dirt":15,"minecraft:sand":22,"minecraft:crafting_table":3,"minecraft:milk_bucket":1,"minecraft:lava_bucket":16,"minecraft:bread":6,"minecraft:iron_pickaxe":49,"minecraft:stone_axe":48,"minecraft:cobblestone":2,"minecraft:furnace":2,"minecraft:bucket":40,"minecraft:egg":3,"minecraft:cobbled_deepslate":17,"minecraft:iron_leggings":1},"minecraft:killed":{"minecraft:pig":7,"minecraft:sheep":6,"minecraft:cow":3},"minecraft:mined":{"minecraft:dandelion":1,"minecraft:crafting_table":4,"minecraft:short_grass":15,"minecraft:grass_block":8,"minecraft:tall_grass":1,"minecraft:deepslate_gold_ore":1,"minecraft:oak_planks":15,"minecraft:furnace":2,"minecraft:iron_ore":19,"minecraft:fire":3,"minecraft:coal_ore":18,"minecraft:oak_log":14,"minecraft:deepslate_iron_ore":21,"minecraft:gravel":1,"minecraft:sand":2,"minecraft:dirt":10,"minecraft:stone":21,"minecraft:fern":2,"minecraft:oak_leaves":2,"minecraft:deepslate":15},"minecraft:dropped":{"minecraft:iron_ingot":1,"minecraft:wheat_seeds":1,"minecraft:cornflower":1,"minecraft:raw_gold":1,"minecraft:string":1,"minecraft:dandelion":1},"minecraft:picked_up":{"minecraft:crafting_table":4,"minecraft:cooked_beef":2,"minecraft:leather":4,"minecraft:oak_log":14,"minecraft:cornflower":1,"minecraft:string":1,"minecraft:dirt":15,"minecraft:bone":5,"minecraft:wheat_seeds":1,"minecraft:cobbled_deepslate":17,"minecraft:raw_gold":1,"minecraft:iron_ingot":1,"minecraft:beef":4,"minecraft:oak_planks":15,"minecraft:egg":3,"minecraft:furnace":2,"minecraft:raw_iron":45,"minecraft:cooked_porkchop":4,"minecraft:dandelion":1,"minecraft:gravel":1,"minecraft:porkchop":11,"minecraft:sand":2,"minecraft:arrow":3,"minecraft:rotten_flesh":1,"minecraft:mutton":9,"minecraft:coal":30,"minecraft:white_wool":6,"minecraft:cobblestone":17},"minecraft:crafted":{"minecraft:oak_planks":56,"minecraft:crafting_table":1,"minecraft:wooden_pickaxe":1,"minecraft:iron_helmet":1,"minecraft:iron_sword":1,"minecraft:furnace":1,"minecraft:bucket":1,"minecraft:stone_axe":1,"minecraft:air":0,"minecraft:iron_boots":1,"minecraft:iron_chestplate":1,"minecraft:shield":1,"minecraft:stick":12,"minecraft:iron_ingot":34,"minecraft:iron_pickaxe":1,"minecraft:stone_pickaxe":1,"minecraft:iron_leggings":1}},"DataVersion":3955}