{"stats":{"minecraft:custom":{"minecraft:mob_kills":27,"minecraft:interact_with_crafting_table":37,"minecraft:bell_ring":14,"minecraft:time_since_death":77431,"minecraft:climb_one_cm":452,"minecraft:sprint_one_cm":275226,"minecraft:walk_one_cm":202553,"minecraft:drop":38,"minecraft:talked_to_villager":41,"minecraft:play_time":77431,"minecraft:sneak_time":7088,"minecraft:walk_under_water_one_cm":1246,"minecraft:boat_one_cm":10990,"minecraft:jump":1357,"minecraft:walk_on_water_one_cm":6378,"minecraft:total_world_time":77431,"minecraft:interact_with_furnace":28,"minecraft:traded_with_villager":156,"minecraft:time_since_rest":77431,"minecraft:damage_taken":258,"minecraft:damage_dealt":2725,"minecraft:swim_one_cm":1304,"minecraft:fly_one_cm":268790,"minecraft:open_chest":38,"minecraft:crouch_one_cm":20740,"minecraft:interact_with_smoker":5,"minecraft:fall_one_cm":29289},"minecraft:broken":{"minecraft:stone_axe":1},"minecraft:used":{"minecraft:iron_shovel":10,"minecraft:flint_and_steel":14,"minecraft:chest":6,"minecraft:iron_sword":47,"minecraft:torch":4,"minecraft:dirt":16,"minecraft:milk_bucket":1,"minecraft:lava_bucket":16,"minecraft:iron_axe":156,"minecraft:acacia_slab":6,"minecraft:furnace":3,"minecraft:egg":4,"minecraft:cobbled_deepslate":17,"minecraft:acacia_planks":223,"minecraft:iron_leggings":1,"minecraft:wheat_seeds":1,"minecraft:water_bucket":28,"minecraft:acacia_trapdoor":8,"minecraft:stone_pickaxe":38,"minecraft:oak_planks":79,"minecraft:wooden_pickaxe":13,"minecraft:composter":1,"minecraft:fletching_table":3,"minecraft:sand":22,"minecraft:crafting_table":5,"minecraft:brown_banner":1,"minecraft:white_bed":5,"minecraft:smoker":1,"minecraft:bread":6,"minecraft:iron_pickaxe":51,"minecraft:map":1,"minecraft:gravel":28,"minecraft:stone_axe":130,"minecraft:cobblestone":2,"minecraft:cooked_porkchop":5,"minecraft:bucket":45,"minecraft:oak_boat":5,"minecraft:bone_meal":14},"minecraft:killed":{"minecraft:pig":10,"minecraft:iron_golem":1,"minecraft:sheep":8,"minecraft:cow":7},"minecraft:mined":{"minecraft:white_bed":1,"minecraft:acacia_log":147,"minecraft:grass_block":8,"minecraft:acacia_slab":6,"minecraft:cartography_table":1,"minecraft:hay_block":26,"minecraft:furnace":2,"minecraft:acacia_trapdoor":4,"minecraft:iron_ore":19,"minecraft:fire":16,"minecraft:acacia_wood":13,"minecraft:acacia_stairs":3,"minecraft:fletching_table":1,"minecraft:deepslate_iron_ore":21,"minecraft:dirt_path":1,"minecraft:stone":21,"minecraft:acacia_leaves":11,"minecraft:glass_pane":2,"minecraft:smoker":1,"minecraft:dandelion":1,"minecraft:crafting_table":4,"minecraft:short_grass":77,"minecraft:tall_grass":6,"minecraft:deepslate_gold_ore":1,"minecraft:oak_planks":18,"minecraft:wheat":2,"minecraft:oak_log":20,"minecraft:coal_ore":18,"minecraft:gravel":37,"minecraft:sand":2,"minecraft:dirt":10,"minecraft:acacia_planks":20,"minecraft:oak_leaves":2,"minecraft:deepslate":15,"minecraft:fern":2},"minecraft:dropped":{"minecraft:iron_ingot":1,"minecraft:bread":121,"minecraft:wheat_seeds":31,"minecraft:cookie":144,"minecraft:cobblestone":2,"minecraft:brown_banner":3,"minecraft:acacia_trapdoor":1,"minecraft:stick":1,"minecraft:cornflower":1,"minecraft:pumpkin_pie":44,"minecraft:string":2,"minecraft:dandelion":1,"minecraft:wheat":1,"minecraft:acacia_stairs":3,"minecraft:suspicious_stew":1,"minecraft:acacia_slab":6,"minecraft:acacia_sapling":6,"minecraft:arrow":3,"minecraft:raw_gold":1},"minecraft:picked_up":{"minecraft:crafting_table":4,"minecraft:wheat":1,"minecraft:cornflower":1,"minecraft:string":1768,"minecraft:cartography_table":1,"minecraft:cobbled_deepslate":17,"minecraft:beef":4,"minecraft:oak_boat":5,"minecraft:furnace":2,"minecraft:egg":4,"minecraft:stick":8,"minecraft:raw_iron":45,"minecraft:torch":3,"minecraft:acacia_log":146,"minecraft:porkchop":11,"minecraft:rotten_flesh":1,"minecraft:arrow":3,"minecraft:hay_block":26,"minecraft:mutton":9,"minecraft:cobblestone":18,"minecraft:white_wool":12,"minecraft:cooked_beef":10,"minecraft:leather":8,"minecraft:smoker":1,"minecraft:acacia_wood":13,"minecraft:flint":5,"minecraft:oak_log":20,"minecraft:dirt":16,"minecraft:cooked_mutton":3,"minecraft:bone":5,"minecraft:acacia_planks":20,"minecraft:wheat_seeds":33,"minecraft:acacia_trapdoor":3,"minecraft:raw_gold":1,"minecraft:iron_ingot":1,"minecraft:fletching_table":1,"minecraft:acacia_sapling":11,"minecraft:oak_planks":24,"minecraft:cooked_porkchop":9,"minecraft:dandelion":1,"minecraft:gravel":32,"minecraft:sand":2,"minecraft:white_bed":1,"minecraft:acacia_stairs":3,"minecraft:acacia_slab":6,"minecraft:brown_banner":6,"minecraft:coal":30},"minecraft:crafted":{"minecraft:cookie":144,"minecraft:oak_planks":80,"minecraft:furnace":1,"minecraft:bone_meal":21,"minecraft:suspicious_stew":1,"minecraft:cooked_mutton":9,"minecraft:flint_and_steel":1,"minecraft:bow":19,"minecraft:iron_boots":1,"minecraft:iron_axe":1,"minecraft:stone_pickaxe":1,"minecraft:chest":6,"minecraft:wheat":72,"minecraft:cooked_beef":4,"minecraft:emerald":101,"minecraft:cooked_porkchop":11,"minecraft:crafting_table":2,"minecraft:acacia_slab":18,"minecraft:wooden_pickaxe":1,"minecraft:iron_helmet":1,"minecraft:iron_sword":1,"minecraft:acacia_trapdoor":6,"minecraft:fletching_table":2,"minecraft:bucket":1,"minecraft:stone_axe":1,"minecraft:bread":120,"minecraft:air":0,"minecraft:oak_boat":1,"minecraft:iron_chestplate":1,"minecraft:shield":1,"minecraft:stick":680,"minecraft:iron_ingot":38,"minecraft:iron_pickaxe":1,"minecraft:iron_shovel":1,"minecraft:iron_leggings":1,"minecraft:white_bed":4,"minecraft:pumpkin_pie":44,"minecraft:composter":1,"minecraft:acacia_planks":636,"minecraft:torch":8}},"DataVersion":3955}