{"stats":{"minecraft:dropped":{"minecraft:porkchop":2,"minecraft:diamond_axe":1,"minecraft:cookie":144,"minecraft:brown_banner":7,"minecraft:flint":1,"minecraft:emerald":2,"minecraft:dirt":11,"minecraft:cornflower":1,"minecraft:mutton":1,"minecraft:pumpkin_pie":44,"minecraft:iron_pickaxe":7,"minecraft:acacia_door":2,"minecraft:white_wool":38,"minecraft:bone":1,"minecraft:gravel":3,"minecraft:stone_axe":48,"minecraft:blackstone":3,"minecraft:cobbled_deepslate":1,"minecraft:wheat":1,"minecraft:rotten_flesh":8,"minecraft:diamond_shovel":4,"minecraft:white_bed":1,"minecraft:acacia_stairs":4,"minecraft:poppy":1,"minecraft:gunpowder":2,"minecraft:acacia_slab":24,"minecraft:acacia_sapling":7,"minecraft:chest":2,"minecraft:chainmail_boots":12,"minecraft:basalt":3,"minecraft:arrow":6,"minecraft:cartography_table":1,"minecraft:lectern":5,"minecraft:stone_hoe":53,"minecraft:iron_ingot":1,"minecraft:bread":207,"minecraft:wheat_seeds":76,"minecraft:bookshelf":1,"minecraft:diamond_leggings":1,"minecraft:iron_helmet":1,"minecraft:feather":4,"minecraft:cobblestone":45,"minecraft:granite":6,"minecraft:chainmail_helmet":12,"minecraft:acacia_trapdoor":1,"minecraft:stick":1,"minecraft:diorite":1,"minecraft:golden_carrot":82,"minecraft:torch":8,"minecraft:diamond_helmet":1,"minecraft:iron_leggings":15,"minecraft:armadillo_scute":1,"minecraft:iron_axe":1,"minecraft:string":108,"minecraft:acacia_planks":1,"minecraft:dandelion":1,"minecraft:tuff":17,"minecraft:iron_boots":2,"minecraft:smoker":1,"minecraft:nether_bricks":35,"minecraft:shears":1,"minecraft:suspicious_stew":13,"minecraft:flint_and_steel":1,"minecraft:diamond_chestplate":1,"minecraft:iron_chestplate":2,"minecraft:andesite":6,"minecraft:oak_sapling":2,"minecraft:spider_eye":1,"minecraft:diamond_boots":1,"minecraft:bow":67,"minecraft:stone_pickaxe":1,"minecraft:wooden_pickaxe":2,"minecraft:raw_gold":1},"minecraft:broken":{"minecraft:stone_axe":1,"minecraft:iron_axe":2},"minecraft:killed":{"minecraft:skeleton":6,"minecraft:magma_cube":4,"minecraft:piglin":2,"minecraft:pig":10,"minecraft:iron_golem":3,"minecraft:sheep":8,"minecraft:zombie":5,"minecraft:ghast":1,"minecraft:cow":7,"minecraft:armadillo":1,"minecraft:enderman":1},"minecraft:mined":{"minecraft:white_bed":18,"minecraft:obsidian":17,"minecraft:granite":6,"minecraft:acacia_log":406,"minecraft:grass_block":40,"minecraft:composter":1,"minecraft:hopper":8,"minecraft:iron_ore":55,"minecraft:fire":52,"minecraft:fletching_table":4,"minecraft:deepslate_lapis_ore":5,"minecraft:enchanting_table":1,"minecraft:dirt_path":5,"minecraft:tripwire":11,"minecraft:blackstone":67,"minecraft:smoker":2,"minecraft:chest":6,"minecraft:cobblestone":4,"minecraft:oak_planks":32,"minecraft:sugar_cane":10,"minecraft:seagrass":2,"minecraft:wheat":2,"minecraft:oak_log":36,"minecraft:sand":2,"minecraft:dirt":30,"minecraft:tripwire_hook":4,"minecraft:ancient_debris":1,"minecraft:netherrack":504,"minecraft:oak_leaves":4,"minecraft:deepslate":178,"minecraft:tuff":17,"minecraft:deepslate_diamond_ore":31,"minecraft:lever":1,"minecraft:nether_bricks":35,"minecraft:acacia_slab":26,"minecraft:cartography_table":1,"minecraft:hay_block":26,"minecraft:furnace":3,"minecraft:acacia_trapdoor":5,"minecraft:acacia_wood":32,"minecraft:acacia_stairs":7,"minecraft:andesite":11,"minecraft:bookshelf":2,"minecraft:deepslate_iron_ore":23,"minecraft:stone":118,"minecraft:smithing_table":1,"minecraft:acacia_leaves":30,"minecraft:glass_pane":5,"minecraft:soul_sand":5,"minecraft:basalt":139,"minecraft:dandelion":1,"minecraft:crafting_table":5,"minecraft:short_grass":183,"minecraft:lectern":350,"minecraft:tall_grass":14,"minecraft:deepslate_gold_ore":1,"minecraft:diorite":1,"minecraft:coal_ore":18,"minecraft:gravel":86,"minecraft:acacia_planks":223,"minecraft:fern":2},"minecraft:custom":{"minecraft:interact_with_crafting_table":88,"minecraft:bell_ring":29,"minecraft:leave_game":6,"minecraft:time_since_death":373517,"minecraft:sprint_one_cm":916615,"minecraft:damage_blocked_by_shield":555,"minecraft:drop":366,"minecraft:talked_to_villager":843,"minecraft:play_time":373517,"minecraft:jump":4608,"minecraft:walk_on_water_one_cm":38788,"minecraft:interact_with_furnace":41,"minecraft:traded_with_villager":1563,"minecraft:sleep_in_bed":13,"minecraft:damage_dealt":8018,"minecraft:crouch_one_cm":111871,"minecraft:interact_with_smoker":5,"minecraft:interact_with_smithing_table":2,"minecraft:interact_with_anvil":3,"minecraft:mob_kills":49,"minecraft:inspect_hopper":23,"minecraft:climb_one_cm":452,"minecraft:walk_one_cm":1034914,"minecraft:sneak_time":34521,"minecraft:walk_under_water_one_cm":5497,"minecraft:boat_one_cm":91674,"minecraft:interact_with_blast_furnace":1,"minecraft:total_world_time":373517,"minecraft:interact_with_grindstone":3,"minecraft:time_since_rest":5792,"minecraft:damage_taken":2278,"minecraft:swim_one_cm":17231,"minecraft:fly_one_cm":903032,"minecraft:open_chest":391,"minecraft:fall_one_cm":108114},"minecraft:used":{"minecraft:iron_shovel":55,"minecraft:chest":17,"minecraft:shield":15,"minecraft:iron_sword":121,"minecraft:bell":1,"minecraft:milk_bucket":1,"minecraft:obsidian":10,"minecraft:lava_bucket":16,"minecraft:furnace":4,"minecraft:egg":6,"minecraft:acacia_trapdoor":22,"minecraft:stone_pickaxe":38,"minecraft:oak_planks":82,"minecraft:wooden_pickaxe":13,"minecraft:composter":2,"minecraft:diamond_axe":437,"minecraft:sugar_cane":20,"minecraft:sand":22,"minecraft:blast_furnace":1,"minecraft:shears":7,"minecraft:lever":1,"minecraft:bread":6,"minecraft:string":23,"minecraft:lectern":356,"minecraft:gravel":74,"minecraft:diamond_sword":21,"minecraft:grindstone":1,"minecraft:smithing_table":2,"minecraft:andesite":4,"minecraft:oak_boat":13,"minecraft:bone_meal":14,"minecraft:enchanting_table":2,"minecraft:acacia_log":11,"minecraft:flint_and_steel":49,"minecraft:netherrack":277,"minecraft:torch":10,"minecraft:dirt":69,"minecraft:anvil":2,"minecraft:bookshelf":18,"minecraft:iron_axe":663,"minecraft:acacia_slab":45,"minecraft:tripwire_hook":4,"minecraft:basalt":5,"minecraft:golden_carrot":35,"minecraft:cobbled_deepslate":122,"minecraft:acacia_planks":676,"minecraft:iron_leggings":1,"minecraft:wheat_seeds":8,"minecraft:acacia_boat":1,"minecraft:water_bucket":50,"minecraft:fletching_table":8,"minecraft:crafting_table":7,"minecraft:brown_banner":1,"minecraft:white_bed":73,"minecraft:smoker":1,"minecraft:diamond_pickaxe":1071,"minecraft:diamond_shovel":17,"minecraft:iron_pickaxe":141,"minecraft:map":1,"minecraft:stone_axe":130,"minecraft:cobblestone":47,"minecraft:cooked_porkchop":5,"minecraft:bucket":68},"minecraft:crafted":{"minecraft:grindstone":1,"minecraft:smooth_stone":3,"minecraft:oak_planks":140,"minecraft:chainmail_helmet":12,"minecraft:stone":6,"minecraft:lever":1,"minecraft:diamond_shovel":4,"minecraft:bookshelf":27,"minecraft:cooked_mutton":9,"minecraft:suspicious_stew":7,"minecraft:diamond_helmet":2,"minecraft:diamond_leggings":2,"minecraft:bow":54,"minecraft:iron_boots":1,"minecraft:chest":14,"minecraft:stone_hoe":51,"minecraft:oak_slab":6,"minecraft:emerald":1230,"minecraft:cooked_porkchop":11,"minecraft:diamond_axe":2,"minecraft:crafting_table":3,"minecraft:acacia_slab":66,"minecraft:iron_helmet":1,"minecraft:wooden_pickaxe":1,"minecraft:smithing_table":1,"minecraft:fletching_table":4,"minecraft:lectern":7,"minecraft:iron_chestplate":1,"minecraft:diamond_pickaxe":1,"minecraft:shield":1,"minecraft:stone_slab":6,"minecraft:stick":1684,"minecraft:iron_pickaxe":7,"minecraft:iron_ingot":60,"minecraft:iron_block":1,"minecraft:composter":1,"minecraft:shears":1,"minecraft:golden_carrot":144,"minecraft:cookie":144,"minecraft:tripwire_hook":2,"minecraft:furnace":2,"minecraft:blast_furnace":1,"minecraft:bone_meal":21,"minecraft:flint_and_steel":1,"minecraft:iron_axe":3,"minecraft:stone_pickaxe":1,"minecraft:diamond_boots":2,"minecraft:wheat":234,"minecraft:cooked_beef":4,"minecraft:diamond_sword":1,"minecraft:enchanting_table":1,"minecraft:iron_sword":1,"minecraft:acacia_trapdoor":18,"minecraft:bucket":2,"minecraft:stone_axe":49,"minecraft:enchanted_book":13,"minecraft:bread":174,"minecraft:air":0,"minecraft:oak_boat":1,"minecraft:white_wool":203,"minecraft:chainmail_boots":12,"minecraft:iron_shovel":1,"minecraft:iron_leggings":13,"minecraft:anvil":1,"minecraft:white_bed":58,"minecraft:pumpkin_pie":44,"minecraft:acacia_planks":1800,"minecraft:torch":8,"minecraft:diamond_chestplate":2},"minecraft:picked_up":{"minecraft:iron_chestplate":1,"minecraft:wheat":1,"minecraft:suspicious_stew":6,"minecraft:smithing_table":1,"minecraft:string":8755,"minecraft:iron_leggings":1,"minecraft:cobbled_deepslate":187,"minecraft:iron_pickaxe":1,"minecraft:furnace":3,"minecraft:stick":8,"minecraft:composter":1,"minecraft:torch":10,"minecraft:acacia_log":430,"minecraft:porkchop":11,"minecraft:diorite":1,"minecraft:rotten_flesh":8,"minecraft:armadillo_scute":1,"minecraft:obsidian":17,"minecraft:cobblestone":121,"minecraft:enchanting_table":1,"minecraft:cooked_beef":10,"minecraft:andesite":10,"minecraft:smoker":2,"minecraft:flint":10,"minecraft:tuff":17,"minecraft:acacia_boat":1,"minecraft:lapis_lazuli":34,"minecraft:dirt":96,"minecraft:bone":9,"minecraft:acacia_planks":225,"minecraft:bow":13,"minecraft:wheat_seeds":49,"minecraft:raw_gold":1,"minecraft:bell":1,"minecraft:fletching_table":4,"minecraft:oak_planks":42,"minecraft:stone_hoe":2,"minecraft:cooked_porkchop":9,"minecraft:sand":2,"minecraft:acacia_stairs":7,"minecraft:diamond":31,"minecraft:lever":1,"minecraft:granite":6,"minecraft:emerald":95,"minecraft:netherrack":463,"minecraft:crafting_table":5,"minecraft:cornflower":1,"minecraft:acacia_door":2,"minecraft:flint_and_steel":1,"minecraft:blackstone":67,"minecraft:cartography_table":1,"minecraft:beef":4,"minecraft:oak_boat":13,"minecraft:poppy":3,"minecraft:lectern":353,"minecraft:sugar_cane":20,"minecraft:chest":6,"minecraft:egg":6,"minecraft:raw_iron":83,"minecraft:redstone":4,"minecraft:arrow":11,"minecraft:nether_bricks":35,"minecraft:shears":1,"minecraft:hay_block":26,"minecraft:mutton":9,"minecraft:white_wool":12,"minecraft:basalt":136,"minecraft:tripwire_hook":4,"minecraft:leather":8,"minecraft:acacia_wood":31,"minecraft:oak_log":35,"minecraft:ancient_debris":1,"minecraft:gunpowder":2,"minecraft:cooked_mutton":3,"minecraft:acacia_trapdoor":7,"minecraft:iron_ingot":11,"minecraft:cooked_chicken":1,"minecraft:soul_sand":4,"minecraft:acacia_sapling":12,"minecraft:book":6,"minecraft:dandelion":1,"minecraft:gravel":81,"minecraft:white_bed":19,"minecraft:acacia_slab":38,"minecraft:brown_banner":7,"minecraft:coal":33,"minecraft:hopper":8}},"DataVersion":3955}