{"stats":{"minecraft:custom":{"minecraft:interact_with_furnace":19,"minecraft:mob_kills":25,"minecraft:interact_with_crafting_table":13,"minecraft:time_since_death":41431,"minecraft:climb_one_cm":452,"minecraft:time_since_rest":41431,"minecraft:sprint_one_cm":154383,"minecraft:damage_taken":198,"minecraft:walk_one_cm":90039,"minecraft:drop":11,"minecraft:damage_dealt":1990,"minecraft:swim_one_cm":1304,"minecraft:fly_one_cm":152238,"minecraft:open_chest":5,"minecraft:crouch_one_cm":11951,"minecraft:play_time":41431,"minecraft:sneak_time":4869,"minecraft:walk_under_water_one_cm":1246,"minecraft:jump":880,"minecraft:walk_on_water_one_cm":2744,"minecraft:interact_with_smoker":2,"minecraft:total_world_time":41431,"minecraft:fall_one_cm":21832},"minecraft:broken":{"minecraft:stone_axe":1},"minecraft:used":{"minecraft:water_bucket":28,"minecraft:flint_and_steel":13,"minecraft:stone_pickaxe":38,"minecraft:oak_planks":79,"minecraft:wooden_pickaxe":13,"minecraft:iron_sword":35,"minecraft:torch":1,"minecraft:dirt":15,"minecraft:sand":22,"minecraft:crafting_table":3,"minecraft:smoker":1,"minecraft:milk_bucket":1,"minecraft:lava_bucket":16,"minecraft:bread":6,"minecraft:iron_pickaxe":51,"minecraft:gravel":9,"minecraft:stone_axe":130,"minecraft:cobblestone":2,"minecraft:furnace":2,"minecraft:cooked_porkchop":1,"minecraft:bucket":45,"minecraft:egg":3,"minecraft:acacia_planks":195,"minecraft:cobbled_deepslate":17,"minecraft:iron_leggings":1},"minecraft:killed":{"minecraft:pig":10,"minecraft:sheep":7,"minecraft:cow":7},"minecraft:mined":{"minecraft:acacia_leaves":4,"minecraft:glass_pane":1,"minecraft:smoker":1,"minecraft:dandelion":1,"minecraft:crafting_table":4,"minecraft:short_grass":57,"minecraft:acacia_log":50,"minecraft:grass_block":8,"minecraft:tall_grass":2,"minecraft:deepslate_gold_ore":1,"minecraft:oak_planks":18,"minecraft:furnace":2,"minecraft:acacia_wood":4,"minecraft:iron_ore":19,"minecraft:fire":15,"minecraft:acacia_stairs":3,"minecraft:coal_ore":18,"minecraft:oak_log":20,"minecraft:deepslate_iron_ore":21,"minecraft:gravel":10,"minecraft:sand":2,"minecraft:dirt":10,"minecraft:stone":21,"minecraft:fern":2,"minecraft:oak_leaves":2,"minecraft:deepslate":15},"minecraft:dropped":{"minecraft:iron_ingot":1,"minecraft:wheat_seeds":10,"minecraft:cobblestone":2,"minecraft:acacia_stairs":3,"minecraft:cornflower":1,"minecraft:raw_gold":1,"minecraft:string":1,"minecraft:dandelion":1},"minecraft:picked_up":{"minecraft:crafting_table":4,"minecraft:cooked_beef":10,"minecraft:leather":8,"minecraft:smoker":1,"minecraft:acacia_wood":4,"minecraft:flint":1,"minecraft:oak_log":20,"minecraft:cornflower":1,"minecraft:string":1,"minecraft:dirt":15,"minecraft:cooked_mutton":1,"minecraft:bone":5,"minecraft:wheat_seeds":17,"minecraft:cobbled_deepslate":17,"minecraft:raw_gold":1,"minecraft:iron_ingot":1,"minecraft:beef":4,"minecraft:oak_planks":18,"minecraft:acacia_sapling":1,"minecraft:egg":3,"minecraft:furnace":2,"minecraft:raw_iron":45,"minecraft:cooked_porkchop":9,"minecraft:torch":1,"minecraft:acacia_log":49,"minecraft:dandelion":1,"minecraft:gravel":9,"minecraft:porkchop":11,"minecraft:sand":2,"minecraft:acacia_stairs":3,"minecraft:arrow":3,"minecraft:rotten_flesh":1,"minecraft:mutton":9,"minecraft:coal":30,"minecraft:white_wool":7,"minecraft:cobblestone":18},"minecraft:crafted":{"minecraft:oak_planks":80,"minecraft:cooked_porkchop":11,"minecraft:crafting_table":1,"minecraft:wooden_pickaxe":1,"minecraft:iron_helmet":1,"minecraft:iron_sword":1,"minecraft:furnace":1,"minecraft:bucket":1,"minecraft:stone_axe":1,"minecraft:air":0,"minecraft:flint_and_steel":1,"minecraft:iron_boots":1,"minecraft:iron_chestplate":1,"minecraft:shield":1,"minecraft:stick":12,"minecraft:iron_ingot":34,"minecraft:iron_pickaxe":1,"minecraft:stone_pickaxe":1,"minecraft:iron_leggings":1,"minecraft:acacia_planks":212,"minecraft:torch":8}},"DataVersion":3955}