{"stats":{"minecraft:picked_up":{"squidcraft:bloque_13":1,"minecraft:honey_block":2,"squidcraft:bola_2":1,"minecraft:dirt":111},"minecraft:used":{"squidcraft:bloque_13":1,"minecraft:honey_block":2,"minecraft:dirt":91,"squidcraft:bola_2":1},"minecraft:custom":{"minecraft:time_since_rest":14912,"minecraft:crouch_one_cm":11398,"minecraft:play_time":14912,"minecraft:sprint_one_cm":22749,"minecraft:damage_taken":190,"minecraft:walk_one_cm":20120,"minecraft:sneak_time":3424,"minecraft:jump":147,"minecraft:damage_dealt":25,"minecraft:leave_game":1,"minecraft:time_since_death":14912,"minecraft:total_world_time":14912,"minecraft:climb_one_cm":648,"minecraft:fall_one_cm":6143,"minecraft:fly_one_cm":24130},"minecraft:mined":{"minecraft:honey_block":5,"minecraft:grass_block":68,"squidcraft:bloque_13":1,"minecraft:dirt":48,"squidcraft:bola_2":1}},"DataVersion":3337}