{"stats":{"minecraft:mined":{"minecraft:white_bed":14,"minecraft:acacia_log":368,"minecraft:grass_block":26,"minecraft:acacia_slab":25,"minecraft:composter":1,"minecraft:cartography_table":1,"minecraft:hay_block":26,"minecraft:furnace":3,"minecraft:acacia_trapdoor":4,"minecraft:iron_ore":41,"minecraft:fire":44,"minecraft:acacia_wood":32,"minecraft:acacia_stairs":7,"minecraft:andesite":9,"minecraft:fletching_table":4,"minecraft:deepslate_iron_ore":23,"minecraft:dirt_path":5,"minecraft:stone":32,"minecraft:tripwire":1,"minecraft:smithing_table":1,"minecraft:acacia_leaves":27,"minecraft:glass_pane":5,"minecraft:smoker":2,"minecraft:dandelion":1,"minecraft:crafting_table":5,"minecraft:short_grass":148,"minecraft:chest":4,"minecraft:lectern":99,"minecraft:tall_grass":13,"minecraft:deepslate_gold_ore":1,"minecraft:oak_planks":28,"minecraft:wheat":2,"minecraft:coal_ore":18,"minecraft:oak_log":35,"minecraft:sand":2,"minecraft:gravel":83,"minecraft:dirt":20,"minecraft:acacia_planks":71,"minecraft:oak_leaves":4,"minecraft:deepslate":15,"minecraft:fern":2},"minecraft:killed":{"minecraft:armadillo":1,"minecraft:skeleton":5,"minecraft:pig":10,"minecraft:iron_golem":3,"minecraft:sheep":8,"minecraft:zombie":1,"minecraft:cow":7},"minecraft:dropped":{"minecraft:stone_hoe":46,"minecraft:iron_ingot":1,"minecraft:bread":207,"minecraft:porkchop":2,"minecraft:wheat_seeds":71,"minecraft:diamond_leggings":1,"minecraft:cobblestone":3,"minecraft:iron_helmet":1,"minecraft:feather":4,"minecraft:cookie":144,"minecraft:brown_banner":7,"minecraft:chainmail_helmet":12,"minecraft:acacia_trapdoor":1,"minecraft:emerald":2,"minecraft:stick":1,"minecraft:dirt":5,"minecraft:golden_carrot":64,"minecraft:torch":8,"minecraft:cornflower":1,"minecraft:mutton":1,"minecraft:diamond_helmet":1,"minecraft:iron_leggings":15,"minecraft:pumpkin_pie":44,"minecraft:armadillo_scute":1,"minecraft:iron_axe":1,"minecraft:iron_pickaxe":6,"minecraft:acacia_door":2,"minecraft:string":103,"minecraft:white_wool":2,"minecraft:acacia_planks":1,"minecraft:dandelion":1,"minecraft:bone":1,"minecraft:stone_axe":48,"minecraft:wheat":1,"minecraft:rotten_flesh":4,"minecraft:iron_boots":2,"minecraft:smoker":1,"minecraft:diamond_shovel":1,"minecraft:white_bed":1,"minecraft:acacia_stairs":4,"minecraft:flint_and_steel":1,"minecraft:suspicious_stew":13,"minecraft:poppy":1,"minecraft:diamond_chestplate":1,"minecraft:iron_chestplate":2,"minecraft:andesite":4,"minecraft:acacia_slab":24,"minecraft:oak_sapling":2,"minecraft:acacia_sapling":7,"minecraft:chainmail_boots":12,"minecraft:chest":2,"minecraft:spider_eye":1,"minecraft:diamond_boots":1,"minecraft:arrow":6,"minecraft:bow":67,"minecraft:stone_pickaxe":1,"minecraft:wooden_pickaxe":2,"minecraft:raw_gold":1,"minecraft:cartography_table":1},"minecraft:used":{"minecraft:iron_shovel":55,"minecraft:acacia_log":11,"minecraft:flint_and_steel":43,"minecraft:chest":17,"minecraft:shield":3,"minecraft:iron_sword":109,"minecraft:bell":1,"minecraft:torch":10,"minecraft:dirt":62,"minecraft:anvil":1,"minecraft:milk_bucket":1,"minecraft:lava_bucket":16,"minecraft:iron_axe":641,"minecraft:acacia_slab":45,"minecraft:tripwire_hook":2,"minecraft:golden_carrot":14,"minecraft:furnace":4,"minecraft:egg":4,"minecraft:cobbled_deepslate":17,"minecraft:acacia_planks":459,"minecraft:iron_leggings":1,"minecraft:wheat_seeds":8,"minecraft:water_bucket":35,"minecraft:acacia_trapdoor":15,"minecraft:stone_pickaxe":38,"minecraft:oak_planks":81,"minecraft:wooden_pickaxe":13,"minecraft:composter":2,"minecraft:fletching_table":8,"minecraft:sand":22,"minecraft:crafting_table":7,"minecraft:brown_banner":1,"minecraft:blast_furnace":1,"minecraft:white_bed":62,"minecraft:smoker":1,"minecraft:lever":1,"minecraft:diamond_shovel":6,"minecraft:iron_pickaxe":98,"minecraft:bread":6,"minecraft:map":1,"minecraft:string":3,"minecraft:lectern":102,"minecraft:gravel":74,"minecraft:stone_axe":130,"minecraft:cobblestone":2,"minecraft:cooked_porkchop":5,"minecraft:smithing_table":2,"minecraft:andesite":4,"minecraft:bucket":53,"minecraft:oak_boat":5,"minecraft:bone_meal":14},"minecraft:crafted":{"minecraft:golden_carrot":108,"minecraft:cookie":144,"minecraft:smooth_stone":3,"minecraft:oak_planks":136,"minecraft:chainmail_helmet":12,"minecraft:tripwire_hook":2,"minecraft:furnace":2,"minecraft:blast_furnace":1,"minecraft:stone":3,"minecraft:bone_meal":21,"minecraft:lever":1,"minecraft:diamond_shovel":1,"minecraft:bookshelf":3,"minecraft:cooked_mutton":9,"minecraft:suspicious_stew":7,"minecraft:flint_and_steel":1,"minecraft:diamond_helmet":2,"minecraft:diamond_leggings":2,"minecraft:bow":54,"minecraft:iron_boots":1,"minecraft:iron_axe":3,"minecraft:stone_pickaxe":1,"minecraft:chest":14,"minecraft:diamond_boots":2,"minecraft:stone_hoe":46,"minecraft:wheat":234,"minecraft:cooked_beef":4,"minecraft:emerald":762,"minecraft:cooked_porkchop":11,"minecraft:crafting_table":3,"minecraft:acacia_slab":54,"minecraft:wooden_pickaxe":1,"minecraft:iron_helmet":1,"minecraft:iron_sword":1,"minecraft:acacia_trapdoor":10,"minecraft:smithing_table":1,"minecraft:fletching_table":4,"minecraft:bucket":2,"minecraft:stone_axe":49,"minecraft:enchanted_book":5,"minecraft:bread":174,"minecraft:air":0,"minecraft:oak_boat":1,"minecraft:lectern":3,"minecraft:iron_chestplate":1,"minecraft:white_wool":145,"minecraft:shield":1,"minecraft:stick":1684,"minecraft:iron_ingot":44,"minecraft:chainmail_boots":12,"minecraft:iron_pickaxe":7,"minecraft:iron_shovel":1,"minecraft:iron_leggings":13,"minecraft:white_bed":51,"minecraft:pumpkin_pie":44,"minecraft:composter":1,"minecraft:acacia_planks":1608,"minecraft:torch":8,"minecraft:diamond_chestplate":2},"minecraft:picked_up":{"minecraft:iron_chestplate":1,"minecraft:crafting_table":5,"minecraft:wheat":1,"minecraft:suspicious_stew":6,"minecraft:smithing_table":1,"minecraft:cornflower":1,"minecraft:string":8678,"minecraft:acacia_door":2,"minecraft:flint_and_steel":1,"minecraft:iron_leggings":1,"minecraft:cartography_table":1,"minecraft:cobbled_deepslate":17,"minecraft:beef":4,"minecraft:oak_boat":5,"minecraft:poppy":3,"minecraft:iron_pickaxe":1,"minecraft:lectern":99,"minecraft:chest":5,"minecraft:furnace":3,"minecraft:egg":4,"minecraft:stick":8,"minecraft:raw_iron":69,"minecraft:composter":1,"minecraft:torch":10,"minecraft:acacia_log":392,"minecraft:porkchop":11,"minecraft:arrow":10,"minecraft:rotten_flesh":4,"minecraft:hay_block":26,"minecraft:armadillo_scute":1,"minecraft:mutton":9,"minecraft:white_wool":12,"minecraft:cobblestone":31,"minecraft:cooked_beef":10,"minecraft:andesite":8,"minecraft:leather":8,"minecraft:smoker":2,"minecraft:acacia_wood":31,"minecraft:flint":9,"minecraft:oak_log":34,"minecraft:dirt":72,"minecraft:cooked_mutton":3,"minecraft:bone":9,"minecraft:acacia_planks":73,"minecraft:bow":13,"minecraft:wheat_seeds":44,"minecraft:acacia_trapdoor":6,"minecraft:raw_gold":1,"minecraft:bell":1,"minecraft:iron_ingot":11,"minecraft:cooked_chicken":1,"minecraft:fletching_table":4,"minecraft:oak_planks":38,"minecraft:acacia_sapling":12,"minecraft:cooked_porkchop":9,"minecraft:dandelion":1,"minecraft:gravel":78,"minecraft:sand":2,"minecraft:white_bed":15,"minecraft:acacia_stairs":7,"minecraft:emerald":78,"minecraft:brown_banner":7,"minecraft:acacia_slab":37,"minecraft:coal":33},"minecraft:custom":{"minecraft:interact_with_smithing_table":1,"minecraft:interact_with_anvil":1,"minecraft:mob_kills":36,"minecraft:inspect_hopper":13,"minecraft:interact_with_crafting_table":67,"minecraft:bell_ring":29,"minecraft:leave_game":3,"minecraft:time_since_death":216590,"minecraft:climb_one_cm":452,"minecraft:sprint_one_cm":569191,"minecraft:walk_one_cm":671497,"minecraft:damage_blocked_by_shield":114,"minecraft:drop":317,"minecraft:talked_to_villager":367,"minecraft:play_time":216590,"minecraft:sneak_time":17861,"minecraft:walk_under_water_one_cm":2220,"minecraft:boat_one_cm":10990,"minecraft:jump":2644,"minecraft:walk_on_water_one_cm":16562,"minecraft:total_world_time":216590,"minecraft:interact_with_furnace":35,"minecraft:traded_with_villager":1044,"minecraft:sleep_in_bed":8,"minecraft:time_since_rest":13535,"minecraft:damage_taken":982,"minecraft:damage_dealt":6106,"minecraft:swim_one_cm":1869,"minecraft:fly_one_cm":542967,"minecraft:open_chest":274,"minecraft:crouch_one_cm":58122,"minecraft:interact_with_smoker":5,"minecraft:fall_one_cm":62263},"minecraft:broken":{"minecraft:iron_axe":1,"minecraft:stone_axe":1}},"DataVersion":3955}