{"stats":{"minecraft:custom":{"minecraft:time_since_rest":17431,"minecraft:interact_with_furnace":16,"minecraft:sprint_one_cm":45326,"minecraft:damage_taken":26,"minecraft:walk_one_cm":23464,"minecraft:drop":2,"minecraft:damage_dealt":30,"minecraft:interact_with_crafting_table":12,"minecraft:fly_one_cm":29122,"minecraft:open_chest":4,"minecraft:crouch_one_cm":5509,"minecraft:play_time":17431,"minecraft:sneak_time":2459,"minecraft:jump":195,"minecraft:time_since_death":17431,"minecraft:climb_one_cm":452,"minecraft:total_world_time":17431,"minecraft:fall_one_cm":5593},"minecraft:used":{"minecraft:bread":2,"minecraft:stone_pickaxe":38,"minecraft:oak_planks":3,"minecraft:iron_pickaxe":18,"minecraft:wooden_pickaxe":13,"minecraft:stone_axe":12,"minecraft:dirt":14,"minecraft:sand":22,"minecraft:crafting_table":2,"minecraft:furnace":1,"minecraft:egg":2,"minecraft:iron_leggings":1},"minecraft:mined":{"minecraft:furnace":1,"minecraft:iron_ore":14,"minecraft:crafting_table":2,"minecraft:short_grass":7,"minecraft:oak_log":14,"minecraft:grass_block":6,"minecraft:coal_ore":18,"minecraft:deepslate_iron_ore":19,"minecraft:dirt":8,"minecraft:sand":2,"minecraft:deepslate_gold_ore":1,"minecraft:stone":15,"minecraft:oak_leaves":2,"minecraft:fern":2},"minecraft:dropped":{"minecraft:wheat_seeds":1,"minecraft:string":1},"minecraft:picked_up":{"minecraft:raw_iron":33,"minecraft:crafting_table":2,"minecraft:sand":2,"minecraft:oak_log":14,"minecraft:dirt":14,"minecraft:string":1,"minecraft:wheat_seeds":1,"minecraft:raw_gold":1,"minecraft:coal":18,"minecraft:furnace":1,"minecraft:cobblestone":15,"minecraft:egg":2},"minecraft:crafted":{"minecraft:oak_planks":56,"minecraft:iron_boots":1,"minecraft:iron_chestplate":1,"minecraft:shield":1,"minecraft:crafting_table":1,"minecraft:stick":12,"minecraft:iron_helmet":1,"minecraft:iron_pickaxe":1,"minecraft:iron_ingot":33,"minecraft:wooden_pickaxe":1,"minecraft:stone_pickaxe":1,"minecraft:iron_sword":1,"minecraft:iron_leggings":1,"minecraft:furnace":1,"minecraft:stone_axe":1,"minecraft:air":0}},"DataVersion":3955}