{"stats":{"minecraft:dropped":{"minecraft:porkchop":2,"minecraft:diamond_axe":1,"minecraft:cookie":144,"minecraft:brown_banner":7,"minecraft:flint":1,"minecraft:emerald":2,"minecraft:dirt":25,"minecraft:cornflower":1,"minecraft:mutton":1,"minecraft:pumpkin_pie":44,"minecraft:iron_pickaxe":7,"minecraft:acacia_door":2,"minecraft:white_wool":38,"minecraft:bone":1,"minecraft:gravel":3,"minecraft:stone_axe":48,"minecraft:blackstone":3,"minecraft:cobbled_deepslate":1,"minecraft:wheat":1,"minecraft:rotten_flesh":12,"minecraft:diamond_shovel":4,"minecraft:white_bed":1,"minecraft:acacia_stairs":4,"minecraft:poppy":2,"minecraft:gunpowder":2,"minecraft:acacia_slab":24,"minecraft:acacia_sapling":7,"minecraft:chest":2,"minecraft:chainmail_boots":12,"minecraft:basalt":3,"minecraft:arrow":6,"minecraft:cartography_table":1,"minecraft:lectern":5,"minecraft:stone_hoe":53,"minecraft:iron_ingot":1,"minecraft:bread":207,"minecraft:wheat_seeds":79,"minecraft:bookshelf":1,"minecraft:diamond_leggings":1,"minecraft:iron_helmet":1,"minecraft:feather":4,"minecraft:cobblestone":48,"minecraft:granite":6,"minecraft:chainmail_helmet":12,"minecraft:acacia_trapdoor":3,"minecraft:coal":2,"minecraft:stick":1,"minecraft:diorite":1,"minecraft:golden_carrot":82,"minecraft:torch":8,"minecraft:diamond_helmet":1,"minecraft:iron_leggings":15,"minecraft:armadillo_scute":1,"minecraft:iron_axe":1,"minecraft:string":108,"minecraft:acacia_planks":4,"minecraft:dandelion":2,"minecraft:tuff":17,"minecraft:iron_boots":2,"minecraft:smoker":1,"minecraft:stone_slab":5,"minecraft:nether_bricks":35,"minecraft:shears":1,"minecraft:suspicious_stew":13,"minecraft:flint_and_steel":1,"minecraft:diamond_chestplate":1,"minecraft:iron_chestplate":2,"minecraft:andesite":6,"minecraft:oak_sapling":2,"minecraft:spider_eye":1,"minecraft:diamond_boots":1,"minecraft:bow":67,"minecraft:stone_pickaxe":1,"minecraft:wooden_pickaxe":2,"minecraft:raw_gold":1},"minecraft:broken":{"minecraft:stone_axe":1,"minecraft:iron_axe":2},"minecraft:killed":{"minecraft:spider":2,"minecraft:skeleton":12,"minecraft:magma_cube":5,"minecraft:piglin":3,"minecraft:pig":10,"minecraft:iron_golem":3,"minecraft:sheep":8,"minecraft:zombie":7,"minecraft:ghast":1,"minecraft:blaze":19,"minecraft:cow":7,"minecraft:armadillo":1,"minecraft:wither_skeleton":3,"minecraft:enderman":2},"minecraft:mined":{"minecraft:white_bed":23,"minecraft:brewing_stand":1,"minecraft:obsidian":17,"minecraft:granite":6,"minecraft:acacia_log":406,"minecraft:grass_block":55,"minecraft:composter":1,"minecraft:hopper":24,"minecraft:spawner":1,"minecraft:iron_ore":55,"minecraft:fire":66,"minecraft:fletching_table":5,"minecraft:deepslate_lapis_ore":5,"minecraft:enchanting_table":1,"minecraft:dirt_path":5,"minecraft:tripwire":18,"minecraft:brown_mushroom":1,"minecraft:blackstone":67,"minecraft:smoker":2,"minecraft:chest":9,"minecraft:cobblestone":4,"minecraft:oak_planks":32,"minecraft:sugar_cane":11,"minecraft:seagrass":2,"minecraft:wheat":2,"minecraft:oak_log":36,"minecraft:sand":14,"minecraft:dirt":30,"minecraft:tripwire_hook":4,"minecraft:ancient_debris":1,"minecraft:netherrack":755,"minecraft:oak_leaves":4,"minecraft:deepslate":243,"minecraft:tuff":17,"minecraft:deepslate_diamond_ore":31,"minecraft:lever":1,"minecraft:nether_bricks":37,"minecraft:acacia_slab":39,"minecraft:cartography_table":1,"minecraft:hay_block":26,"minecraft:furnace":3,"minecraft:acacia_trapdoor":7,"minecraft:acacia_wood":32,"minecraft:acacia_stairs":7,"minecraft:andesite":20,"minecraft:bookshelf":3,"minecraft:deepslate_iron_ore":23,"minecraft:stone":193,"minecraft:smithing_table":1,"minecraft:acacia_leaves":30,"minecraft:glass_pane":5,"minecraft:soul_sand":5,"minecraft:basalt":139,"minecraft:dandelion":1,"minecraft:crafting_table":5,"minecraft:short_grass":185,"minecraft:lectern":355,"minecraft:stone_slab":2,"minecraft:tall_grass":15,"minecraft:deepslate_gold_ore":8,"minecraft:diorite":7,"minecraft:coal_ore":18,"minecraft:gravel":86,"minecraft:acacia_planks":226,"minecraft:fern":2},"minecraft:custom":{"minecraft:interact_with_crafting_table":89,"minecraft:bell_ring":29,"minecraft:leave_game":6,"minecraft:time_since_death":499517,"minecraft:sprint_one_cm":1130960,"minecraft:damage_blocked_by_shield":1320,"minecraft:drop":379,"minecraft:talked_to_villager":894,"minecraft:play_time":499517,"minecraft:jump":5630,"minecraft:walk_on_water_one_cm":47833,"minecraft:interact_with_furnace":42,"minecraft:traded_with_villager":1662,"minecraft:sleep_in_bed":15,"minecraft:damage_dealt":14971,"minecraft:crouch_one_cm":125662,"minecraft:interact_with_smoker":5,"minecraft:interact_with_smithing_table":2,"minecraft:interact_with_anvil":8,"minecraft:mob_kills":84,"minecraft:inspect_hopper":24,"minecraft:climb_one_cm":452,"minecraft:walk_one_cm":1204348,"minecraft:sneak_time":39417,"minecraft:walk_under_water_one_cm":5905,"minecraft:boat_one_cm":91674,"minecraft:interact_with_blast_furnace":1,"minecraft:total_world_time":499517,"minecraft:interact_with_grindstone":3,"minecraft:time_since_rest":71457,"minecraft:damage_taken":3278,"minecraft:swim_one_cm":18419,"minecraft:fly_one_cm":1082918,"minecraft:open_chest":455,"minecraft:fall_one_cm":140696},"minecraft:used":{"minecraft:iron_shovel":55,"minecraft:chest":22,"minecraft:shield":25,"minecraft:iron_sword":121,"minecraft:bell":1,"minecraft:nether_bricks":1,"minecraft:milk_bucket":1,"minecraft:obsidian":10,"minecraft:lava_bucket":16,"minecraft:furnace":4,"minecraft:egg":6,"minecraft:acacia_trapdoor":24,"minecraft:stone_pickaxe":38,"minecraft:oak_planks":82,"minecraft:ender_pearl":1,"minecraft:wooden_pickaxe":13,"minecraft:composter":2,"minecraft:diamond_axe":471,"minecraft:sugar_cane":20,"minecraft:sand":22,"minecraft:blast_furnace":1,"minecraft:shears":13,"minecraft:lever":3,"minecraft:bread":6,"minecraft:string":50,"minecraft:lectern":360,"minecraft:gravel":74,"minecraft:diamond_sword":142,"minecraft:grindstone":1,"minecraft:smithing_table":2,"minecraft:andesite":13,"minecraft:oak_boat":13,"minecraft:bone_meal":14,"minecraft:enchanting_table":2,"minecraft:acacia_log":11,"minecraft:flint_and_steel":49,"minecraft:netherrack":548,"minecraft:torch":10,"minecraft:brewing_stand":2,"minecraft:dirt":70,"minecraft:anvil":2,"minecraft:hopper":24,"minecraft:bookshelf":19,"minecraft:iron_axe":663,"minecraft:acacia_slab":45,"minecraft:tripwire_hook":8,"minecraft:basalt":5,"minecraft:golden_carrot":50,"minecraft:cobbled_deepslate":185,"minecraft:acacia_planks":679,"minecraft:iron_leggings":1,"minecraft:wheat_seeds":8,"minecraft:acacia_boat":1,"minecraft:water_bucket":64,"minecraft:fletching_table":9,"minecraft:crafting_table":7,"minecraft:brown_banner":1,"minecraft:white_bed":78,"minecraft:smoker":1,"minecraft:diamond_pickaxe":1507,"minecraft:diamond_shovel":17,"minecraft:iron_pickaxe":141,"minecraft:map":1,"minecraft:stone_slab":2,"minecraft:stone_axe":130,"minecraft:cobblestone":58,"minecraft:cooked_porkchop":5,"minecraft:bucket":82},"minecraft:crafted":{"minecraft:grindstone":1,"minecraft:smooth_stone":3,"minecraft:oak_planks":140,"minecraft:chainmail_helmet":12,"minecraft:stone":6,"minecraft:lever":1,"minecraft:diamond_shovel":4,"minecraft:bookshelf":27,"minecraft:cooked_mutton":9,"minecraft:suspicious_stew":7,"minecraft:diamond_helmet":2,"minecraft:diamond_leggings":2,"minecraft:bow":54,"minecraft:iron_boots":1,"minecraft:chest":14,"minecraft:stone_hoe":51,"minecraft:oak_slab":6,"minecraft:emerald":1326,"minecraft:cooked_porkchop":11,"minecraft:diamond_axe":2,"minecraft:crafting_table":3,"minecraft:acacia_slab":66,"minecraft:iron_helmet":1,"minecraft:wooden_pickaxe":1,"minecraft:smithing_table":1,"minecraft:fletching_table":4,"minecraft:brewing_stand":1,"minecraft:lectern":7,"minecraft:iron_chestplate":1,"minecraft:diamond_pickaxe":1,"minecraft:shield":1,"minecraft:stone_slab":6,"minecraft:stick":1684,"minecraft:iron_pickaxe":7,"minecraft:iron_ingot":60,"minecraft:iron_block":1,"minecraft:composter":1,"minecraft:shears":1,"minecraft:golden_carrot":144,"minecraft:cookie":144,"minecraft:tripwire_hook":2,"minecraft:furnace":2,"minecraft:blast_furnace":1,"minecraft:bone_meal":21,"minecraft:flint_and_steel":1,"minecraft:iron_axe":3,"minecraft:stone_pickaxe":1,"minecraft:diamond_boots":2,"minecraft:wheat":234,"minecraft:cooked_beef":4,"minecraft:sugar":1,"minecraft:diamond_sword":1,"minecraft:enchanting_table":1,"minecraft:iron_sword":1,"minecraft:acacia_trapdoor":18,"minecraft:bucket":2,"minecraft:stone_axe":49,"minecraft:enchanted_book":16,"minecraft:bread":174,"minecraft:air":0,"minecraft:oak_boat":1,"minecraft:white_wool":203,"minecraft:chainmail_boots":12,"minecraft:iron_shovel":1,"minecraft:iron_leggings":13,"minecraft:anvil":1,"minecraft:white_bed":58,"minecraft:pumpkin_pie":44,"minecraft:acacia_planks":1800,"minecraft:torch":8,"minecraft:diamond_chestplate":2},"minecraft:picked_up":{"minecraft:iron_chestplate":1,"minecraft:wheat":1,"minecraft:suspicious_stew":6,"minecraft:smithing_table":1,"minecraft:stone_slab":2,"minecraft:brewing_stand":1,"minecraft:string":8764,"minecraft:iron_leggings":1,"minecraft:cobbled_deepslate":252,"minecraft:iron_pickaxe":1,"minecraft:furnace":3,"minecraft:stick":8,"minecraft:composter":1,"minecraft:torch":23,"minecraft:acacia_log":430,"minecraft:porkchop":11,"minecraft:diorite":7,"minecraft:rotten_flesh":14,"minecraft:armadillo_scute":1,"minecraft:blaze_rod":11,"minecraft:obsidian":17,"minecraft:cobblestone":196,"minecraft:enchanting_table":1,"minecraft:cooked_beef":10,"minecraft:andesite":19,"minecraft:smoker":2,"minecraft:flint":10,"minecraft:tuff":17,"minecraft:acacia_boat":1,"minecraft:lapis_lazuli":34,"minecraft:dirt":111,"minecraft:bone":15,"minecraft:acacia_planks":228,"minecraft:bow":13,"minecraft:wheat_seeds":52,"minecraft:raw_gold":8,"minecraft:bell":1,"minecraft:fletching_table":5,"minecraft:oak_planks":42,"minecraft:stone_hoe":2,"minecraft:cooked_porkchop":9,"minecraft:sand":14,"minecraft:acacia_stairs":7,"minecraft:diamond":31,"minecraft:lever":2,"minecraft:granite":6,"minecraft:emerald":95,"minecraft:netherrack":675,"minecraft:crafting_table":5,"minecraft:brown_mushroom":1,"minecraft:cornflower":1,"minecraft:acacia_door":2,"minecraft:flint_and_steel":1,"minecraft:blackstone":67,"minecraft:cartography_table":1,"minecraft:beef":4,"minecraft:oak_boat":13,"minecraft:poppy":4,"minecraft:lectern":358,"minecraft:sugar_cane":21,"minecraft:chest":9,"minecraft:egg":6,"minecraft:raw_iron":83,"minecraft:redstone":4,"minecraft:arrow":14,"minecraft:nether_bricks":37,"minecraft:shears":1,"minecraft:hay_block":26,"minecraft:mutton":9,"minecraft:white_wool":12,"minecraft:basalt":136,"minecraft:tripwire_hook":6,"minecraft:leather":8,"minecraft:acacia_wood":31,"minecraft:oak_log":35,"minecraft:ancient_debris":1,"minecraft:gunpowder":2,"minecraft:cooked_mutton":3,"minecraft:acacia_trapdoor":9,"minecraft:iron_ingot":16,"minecraft:cooked_chicken":1,"minecraft:soul_sand":4,"minecraft:acacia_sapling":12,"minecraft:book":9,"minecraft:dandelion":2,"minecraft:gravel":81,"minecraft:white_bed":24,"minecraft:acacia_slab":51,"minecraft:brown_banner":7,"minecraft:coal":35,"minecraft:hopper":24,"minecraft:ender_pearl":1}},"DataVersion":3955}